file,class,type,cbo,cboModified,fanin,fanout,wmc,dit,noc,rfc,lcom,lcom*,tcc,lcc,totalMethodsQty,staticMethodsQty,publicMethodsQty,privateMethodsQty,protectedMethodsQty,defaultMethodsQty,visibleMethodsQty,abstractMethodsQty,finalMethodsQty,synchronizedMethodsQty,totalFieldsQty,staticFieldsQty,publicFieldsQty,privateFieldsQty,protectedFieldsQty,defaultFieldsQty,finalFieldsQty,synchronizedFieldsQty,nosi,loc,returnQty,loopQty,comparisonsQty,tryCatchQty,parenthesizedExpsQty,stringLiteralsQty,numbersQty,assignmentsQty,mathOperationsQty,variablesQty,maxNestedBlocksQty,anonymousClassesQty,innerClassesQty,lambdasQty,uniqueWordsQty,modifiers,logStatementsQty
D:\trabCKMetrics\repos\changmingxietcc-transaction\tcc-transaction-core\src\main\java\org\mengyun\tcctransaction\serializer\KryoPoolSerializer.java,org.mengyun.tcctransaction.serializer.KryoPoolSerializer,class,8,12,4,8,9,1,0,7,7,0.7142857,0.0,0.0,7,0,5,0,2,0,7,0,0,0,3,1,1,0,1,1,1,0,0,65,3,2,0,0,0,0,2,8,0,6,1,4,0,0,37,1,0
D:\trabCKMetrics\repos\changmingxietcc-transaction\tcc-transaction-unit-test\src\test\java\org\mengyun\tcctransaction\unittest\TransferServiceTest.java,org.mengyun.tcctransaction.unittest.TransferServiceTest,class,8,8,0,8,17,2,0,14,0,0.0,0.0,0.0,4,0,4,0,0,0,4,0,0,0,2,0,0,1,0,1,0,0,8,95,0,0,8,5,0,3,60,14,0,14,1,0,0,0,43,1,0
D:\trabCKMetrics\repos\changmingxietcc-transaction\tcc-transaction-core\src\main\java\org\mengyun\tcctransaction\recovery\RecoverConfiguration.java,org.mengyun.tcctransaction.recovery.RecoverConfiguration,class,13,16,3,13,12,1,0,18,27,0.76,0.0,0.0,10,0,10,0,0,0,10,0,0,0,5,0,0,5,0,0,0,0,2,56,4,0,2,0,0,5,0,11,0,9,1,0,0,0,29,1,0
D:\trabCKMetrics\repos\changmingxietcc-transaction\tcc-transaction-core\src\main\java\org\mengyun\tcctransaction\repository\helper\RedisCommands.java,org.mengyun.tcctransaction.repository.helper.RedisCommands,interface,2,12,10,2,7,1,0,0,21,0.0,0.0,0.0,7,0,0,0,0,7,7,0,0,0,0,0,0,0,0,0,0,0,0,9,0,0,0,0,0,0,0,0,0,0,0,0,0,0,21,1,0
D:\trabCKMetrics\repos\changmingxietcc-transaction\tcc-transaction-ha\tcc-transaction-ha-core\src\main\java\org\mengyun\tcctransaction\ha\registry\RegistryException.java,org.mengyun.tcctransaction.ha.registry.RegistryException,class,0,1,1,0,4,4,0,0,6,1.0,0.0,0.0,4,0,4,0,0,0,4,0,0,0,1,1,0,1,0,0,1,0,0,15,0,0,0,0,0,0,1,1,0,1,0,0,0,0,19,1,0
D:\trabCKMetrics\repos\changmingxietcc-transaction\tcc-transaction-core\src\main\java\org\mengyun\tcctransaction\repository\helper\JedisCommands.java,org.mengyun.tcctransaction.repository.helper.JedisCommands,class,6,7,1,6,10,1,0,10,0,0.0,0.0,0.0,9,0,9,0,0,0,9,0,0,0,1,0,0,1,0,0,0,0,0,34,4,0,1,0,0,0,0,3,0,2,1,0,0,0,30,1,0
D:\trabCKMetrics\repos\changmingxietcc-transaction\tcc-transaction-core\src\main\java\org\mengyun\tcctransaction\utils\StringUtils.java,org.mengyun.tcctransaction.utils.StringUtils,class,0,1,1,0,3,1,0,1,0,0.0,NaN,NaN,1,1,1,0,0,0,1,0,0,0,0,0,0,0,0,0,0,0,0,11,3,0,1,0,0,1,0,0,0,0,1,0,0,0,13,1,0
D:\trabCKMetrics\repos\changmingxietcc-transaction\tcc-transaction-tutorial-sample\tcc-transaction-http-sample\tcc-transaction-http-redpacket\src\main\java\org\mengyun\tcctransaction\sample\http\redpacket\service\RedPacketTradeOrderServiceImpl.java,org.mengyun.tcctransaction.sample.http.redpacket.service.RedPacketTradeOrderServiceImpl,class,10,10,0,10,12,1,0,20,0,0.0,0.0,0.0,3,0,3,0,0,0,3,0,0,0,2,0,0,0,0,2,0,0,6,60,1,0,3,4,0,11,3,7,3,9,2,0,0,0,39,1,0
D:\trabCKMetrics\repos\changmingxietcc-transaction\tcc-transaction-tutorial-sample\tcc-transaction-sample-domain\tcc-transaction-sample-order\src\main\java\org\mengyun\tcctransaction\sample\order\infrastructure\dao\OrderDao.java,org.mengyun.tcctransaction.sample.order.infrastructure.dao.OrderDao,interface,1,2,1,1,3,1,0,0,3,0.0,0.0,0.0,3,0,2,0,0,1,3,0,0,0,0,0,0,0,0,0,0,0,0,5,0,0,0,0,0,0,0,0,0,0,0,0,0,0,13,1,0
D:\trabCKMetrics\repos\changmingxietcc-transaction\tcc-transaction-core\src\main\java\org\mengyun\tcctransaction\repository\helper\JedisCallback.java,org.mengyun.tcctransaction.repository.helper.JedisCallback,interface,2,5,3,2,1,1,0,0,0,0.0,NaN,NaN,1,0,0,0,0,1,1,0,0,0,0,0,0,0,0,0,0,0,0,3,0,0,0,0,0,0,0,0,0,0,0,0,0,0,8,1,0
D:\trabCKMetrics\repos\changmingxietcc-transaction\tcc-transaction-core\src\main\java\org\mengyun\tcctransaction\repository\helper\RedisHelper.java,org.mengyun.tcctransaction.repository.helper.RedisHelper,class,11,26,15,11,16,1,0,26,45,0.9,0.0,0.0,10,10,10,0,0,0,10,0,0,0,4,4,3,0,0,1,1,0,4,70,13,2,0,4,0,4,1,9,0,10,3,0,0,1,63,1,3
D:\trabCKMetrics\repos\changmingxietcc-transaction\tcc-transaction-ha\tcc-transaction-ha-core\src\main\java\org\mengyun\tcctransaction\ha\registry\RegistrationUtil.java,org.mengyun.tcctransaction.ha.registry.RegistrationUtil,class,20,22,2,20,16,1,0,45,15,0.8333333,0.0,0.0,6,6,1,1,4,0,6,0,0,0,1,1,0,1,0,0,1,0,8,95,14,0,1,4,1,2,0,25,0,25,1,1,0,0,68,1,0
D:\trabCKMetrics\repos\changmingxietcc-transaction\tcc-transaction-dashboard\src\main\java\org\mengyun\tcctransaction\server\Starter.java,org.mengyun.tcctransaction.server.Starter,class,8,9,1,8,2,1,0,2,1,0.0,0.0,0.0,2,1,2,0,0,0,2,0,0,0,0,0,0,0,0,0,0,0,0,8,1,0,0,0,0,1,0,0,0,0,0,0,0,0,16,1,0
D:\trabCKMetrics\repos\changmingxietcc-transaction\tcc-transaction-core\src\main\java\org\mengyun\tcctransaction\repository\MemoryStoreTransactionRepository.java,org.mengyun.tcctransaction.repository.MemoryStoreTransactionRepository,class,7,8,1,7,14,3,0,18,9,0.42857143,0.0,0.0,7,0,0,0,5,2,7,0,0,0,1,0,0,1,0,0,0,0,2,63,8,2,2,0,0,0,7,10,1,9,2,1,0,0,39,1,0
D:\trabCKMetrics\repos\changmingxietcc-transaction\tcc-transaction-core\src\main\java\org\mengyun\tcctransaction\repository\SentinelTransactionRepository.java,org.mengyun.tcctransaction.repository.SentinelTransactionRepository,class,5,7,2,5,22,2,0,6,0,0.42857143,0.0,0.0,14,0,9,0,5,0,14,0,0,0,3,0,0,3,0,0,0,0,0,79,14,0,3,0,0,3,0,3,0,3,1,0,0,0,33,1,0
D:\trabCKMetrics\repos\changmingxietcc-transaction\tcc-transaction-core\src\main\java\org\mengyun\tcctransaction\repository\TransactionIOException.java,org.mengyun.tcctransaction.repository.TransactionIOException,class,0,5,5,0,2,4,0,0,1,1.0,0.0,0.0,2,0,2,0,0,0,2,0,0,0,1,1,0,1,0,0,1,0,0,9,0,0,0,0,0,0,1,1,0,1,0,0,0,0,17,1,0
D:\trabCKMetrics\repos\changmingxietcc-transaction\tcc-transaction-core\src\main\java\org\mengyun\tcctransaction\serializer\JacksonTransactionSerializer.java,org.mengyun.tcctransaction.serializer.JacksonTransactionSerializer,class,6,7,1,6,6,1,0,8,1,0.33333334,0.0,0.0,3,0,3,0,0,0,4,0,0,0,1,1,0,1,0,0,1,0,2,28,3,0,0,2,0,2,0,1,0,1,1,0,0,0,21,1,0
D:\trabCKMetrics\repos\changmingxietcc-transaction\tcc-transaction-core\src\main\java\org\mengyun\tcctransaction\serializer\RegisterableKryoTransactionSerializer.java,org.mengyun.tcctransaction.serializer.RegisterableKryoTransactionSerializer,class,10,10,0,10,6,3,0,3,3,0.33333334,0.0,0.0,6,0,5,0,1,0,6,0,0,0,1,1,0,0,0,1,0,0,3,21,0,0,0,0,0,0,0,1,0,1,0,0,0,0,17,1,0
D:\trabCKMetrics\repos\changmingxietcc-transaction\tcc-transaction-core\src\main\java\org\mengyun\tcctransaction\repository\Page.java,org.mengyun.tcctransaction.repository.Page,class,1,11,10,1,9,1,0,2,14,0.6666667,0.0,0.0,8,0,8,0,0,0,8,0,0,0,3,0,0,3,0,0,0,0,0,32,3,0,1,0,0,0,0,4,0,3,1,0,0,0,12,1,0
D:\trabCKMetrics\repos\changmingxietcc-transaction\tcc-transaction-core\src\main\java\org\mengyun\tcctransaction\repository\helper\ShardJedisCommands.java,org.mengyun.tcctransaction.repository.helper.ShardJedisCommands,class,6,7,1,6,12,1,0,11,0,0.4,0.0,0.0,10,0,10,0,0,0,10,0,0,0,2,0,0,2,0,0,0,0,0,44,4,0,2,0,0,1,0,3,0,3,1,0,0,0,36,1,0
D:\trabCKMetrics\repos\changmingxietcc-transaction\tcc-transaction-core\src\main\java\org\mengyun\tcctransaction\support\FactoryBuilder.java,org.mengyun.tcctransaction.support.FactoryBuilder$SingeltonFactory,innerclass,2,2,0,2,12,1,0,8,0,0.3,0.0,0.0,5,0,5,0,0,0,5,0,0,0,2,0,0,2,0,0,0,0,1,38,6,0,5,1,0,1,0,8,1,5,4,0,0,0,28,9,0
D:\trabCKMetrics\repos\changmingxietcc-transaction\tcc-transaction-tutorial-sample\tcc-transaction-dubbo-sample\tcc-transaction-dubbo-capital\src\main\java\org\mengyun\tcctransaction\sample\dubbo\capital\service\CapitalAccountServiceImpl.java,org.mengyun.tcctransaction.sample.dubbo.capital.service.CapitalAccountServiceImpl,class,5,5,0,5,1,1,0,2,0,0.0,NaN,NaN,1,0,1,0,0,0,1,0,0,0,1,0,0,0,0,1,0,0,0,6,1,0,0,0,0,1,0,0,0,1,0,0,0,0,16,1,0
D:\trabCKMetrics\repos\changmingxietcc-transaction\tcc-transaction-tutorial-sample\tcc-transaction-dubbo-sample\tcc-transaction-dubbo-order\src\main\java\org\mengyun\tcctransaction\sample\dubbo\order\service\PaymentServiceImpl.java,org.mengyun.tcctransaction.sample.dubbo.order.service.PaymentServiceImpl,class,11,13,2,11,9,1,0,28,4,0.6666667,0.0,0.0,5,0,3,2,0,0,3,0,0,0,3,0,0,0,0,3,0,0,7,57,2,0,2,2,0,10,2,7,3,10,1,0,0,0,38,1,0
D:\trabCKMetrics\repos\changmingxietcc-transaction\tcc-transaction-ha\tcc-transaction-ha-zookeeper\src\main\java\org\mengyun\tcctransaction\ha\zookeeper\ZookeeperRegistry.java,org.mengyun.tcctransaction.ha.zookeeper.ZookeeperRegistry,class,8,9,1,8,14,1,0,11,0,0.4166667,0.0,0.0,6,0,6,0,0,0,6,0,0,0,4,1,0,4,0,0,4,0,0,59,0,1,1,4,0,2,2,11,0,10,4,0,0,0,36,1,2
D:\trabCKMetrics\repos\changmingxietcc-transaction\tcc-transaction-tutorial-sample\tcc-transaction-http-sample\tcc-transaction-http-order\src\main\java\org\mengyun\tcctransaction\sample\http\order\service\AccountServiceImpl.java,org.mengyun.tcctransaction.sample.http.order.service.AccountServiceImpl,class,4,5,1,4,2,1,0,2,1,0.5,0.0,0.0,2,0,2,0,0,0,2,0,0,0,2,0,0,0,0,2,0,0,0,10,2,0,0,0,0,1,0,0,0,2,0,0,0,0,18,1,0
D:\trabCKMetrics\repos\changmingxietcc-transaction\tcc-transaction-tutorial-sample\tcc-transaction-sample-domain\tcc-transaction-sample-order\src\main\java\org\mengyun\tcctransaction\sample\order\infrastructure\dao\OrderLineDao.java,org.mengyun.tcctransaction.sample.order.infrastructure.dao.OrderLineDao,interface,1,2,1,1,1,1,0,0,0,0.0,NaN,NaN,1,0,0,0,0,1,1,0,0,0,0,0,0,0,0,0,0,0,0,3,0,0,0,0,0,0,0,0,0,0,0,0,0,0,8,1,0
D:\trabCKMetrics\repos\changmingxietcc-transaction\tcc-transaction-unit-test\src\main\java\org\mengyun\tcctransaction\unittest\entity\SubAccount.java,org.mengyun.tcctransaction.unittest.entity.SubAccount,class,0,5,5,0,8,1,0,0,14,0.6666667,0.0,0.0,8,0,8,0,0,0,8,0,0,0,3,0,0,3,0,0,0,0,0,29,3,0,0,0,0,0,0,5,0,3,0,0,0,0,15,1,0
D:\trabCKMetrics\repos\changmingxietcc-transaction\tcc-transaction-core\src\main\java\org\mengyun\tcctransaction\serializer\JdkSerializationSerializer.java,org.mengyun.tcctransaction.serializer.JdkSerializationSerializer,class,3,3,0,3,4,1,0,3,3,0.0,0.0,0.0,3,0,3,0,0,0,3,0,0,0,0,0,0,0,0,0,0,0,0,16,4,0,1,0,0,0,0,0,0,0,1,0,0,0,11,1,0
D:\trabCKMetrics\repos\changmingxietcc-transaction\tcc-transaction-tutorial-sample\tcc-transaction-sample-domain\tcc-transaction-sample-redpacket\src\main\java\org\mengyun\tcctransaction\sample\redpacket\domain\entity\TradeOrder.java,org.mengyun.tcctransaction.sample.redpacket.domain.entity.TradeOrder,class,0,4,4,0,12,1,0,0,50,0.8333334,0.0,0.0,12,0,12,0,0,0,12,0,0,0,7,0,0,7,0,0,0,0,0,47,7,0,0,0,0,3,2,9,1,7,0,0,0,0,25,1,0
D:\trabCKMetrics\repos\changmingxietcc-transaction\tcc-transaction-core\src\main\java\org\mengyun\tcctransaction\interceptor\AspectJTransactionMethodJoinPoint.java,org.mengyun.tcctransaction.interceptor.AspectJTransactionMethodJoinPoint,class,4,6,2,4,8,1,0,5,0,0.5833333,0.0,0.0,8,0,8,0,0,0,8,0,0,0,3,0,0,0,0,3,0,0,0,31,7,0,0,0,1,0,0,3,0,3,0,0,0,0,22,1,0
D:\trabCKMetrics\repos\changmingxietcc-transaction\tcc-transaction-tutorial-sample\tcc-transaction-dubbo-sample\tcc-transaction-dubbo-order\src\main\java\org\mengyun\tcctransaction\sample\dubbo\order\service\AccountServiceImpl.java,org.mengyun.tcctransaction.sample.dubbo.order.service.AccountServiceImpl,class,4,5,1,4,2,1,0,2,1,0.5,0.0,0.0,2,0,2,0,0,0,2,0,0,0,2,0,0,0,0,2,0,0,0,10,2,0,0,0,0,1,0,0,0,2,0,0,0,0,18,1,0
D:\trabCKMetrics\repos\changmingxietcc-transaction\tcc-transaction-core\src\main\java\org\mengyun\tcctransaction\repository\RedisTransactionRepository.java,org.mengyun.tcctransaction.repository.RedisTransactionRepository$Anonymous1,anonymous,1,1,0,1,4,1,0,4,0,0.0,0.0,0.0,2,0,2,0,0,0,2,0,0,0,1,0,0,1,0,0,0,0,0,14,1,1,0,0,0,0,0,1,0,1,1,0,0,0,10,-1,0
D:\trabCKMetrics\repos\changmingxietcc-transaction\tcc-transaction-tutorial-sample\tcc-transaction-http-sample\tcc-transaction-http-capital\src\main\java\org\mengyun\tcctransaction\sample\http\capital\service\CapitalTradeOrderServiceImpl.java,org.mengyun.tcctransaction.sample.http.capital.service.CapitalTradeOrderServiceImpl,class,10,10,0,10,12,1,0,20,0,0.0,0.0,0.0,3,0,3,0,0,0,3,0,0,0,2,0,0,0,0,2,0,0,6,60,1,0,3,4,0,11,3,7,3,9,2,0,0,0,36,1,0
D:\trabCKMetrics\repos\changmingxietcc-transaction\tcc-transaction-dashboard\src\main\java\org\mengyun\tcctransaction\server\dao\RedisClusterTransactionDao.java,org.mengyun.tcctransaction.server.dao.RedisClusterTransactionDao,class,11,12,1,11,21,1,0,36,5,0.76530606,0.0,0.0,14,0,13,1,0,0,13,0,0,0,7,4,2,5,0,0,5,0,12,132,8,1,3,0,1,26,10,23,10,23,2,2,0,0,67,1,0
D:\trabCKMetrics\repos\changmingxietcc-transaction\tcc-transaction-tutorial-sample\tcc-transaction-http-sample\tcc-transaction-http-order\src\main\java\org\mengyun\tcctransaction\sample\http\order\service\PaymentServiceImpl.java,org.mengyun.tcctransaction.sample.http.order.service.PaymentServiceImpl,class,10,12,2,10,9,1,0,28,4,0.6,0.0,0.0,5,0,3,2,0,0,3,0,0,0,2,0,0,0,0,2,0,0,7,56,2,0,2,2,0,10,2,7,3,9,1,0,0,0,37,1,0
D:\trabCKMetrics\repos\changmingxietcc-transaction\tcc-transaction-dashboard\src\main\java\org\mengyun\tcctransaction\server\dao\TransactionDao.java,org.mengyun.tcctransaction.server.dao.TransactionDao,interface,2,8,6,2,11,1,0,0,55,0.0,0.0,0.0,11,0,0,0,0,11,11,0,0,0,0,0,0,0,0,0,0,0,0,18,2,0,0,0,0,0,1,0,0,0,0,0,0,0,29,1,0
D:\trabCKMetrics\repos\changmingxietcc-transaction\tcc-transaction-tutorial-sample\tcc-transaction-dubbo-sample\tcc-transaction-dubbo-capital\src\main\java\org\mengyun\tcctransaction\sample\dubbo\capital\service\CapitalTradeOrderServiceImpl.java,org.mengyun.tcctransaction.sample.dubbo.capital.service.CapitalTradeOrderServiceImpl,class,11,11,0,11,12,1,0,20,0,0.0,0.0,0.0,3,0,3,0,0,0,3,0,0,0,2,0,0,0,0,2,0,0,6,60,1,0,3,4,0,12,3,7,3,9,2,0,0,0,34,1,0
D:\trabCKMetrics\repos\changmingxietcc-transaction\tcc-transaction-core\src\main\java\org\mengyun\tcctransaction\recovery\RecoverFrequency.java,org.mengyun.tcctransaction.recovery.RecoverFrequency,interface,0,5,5,0,5,1,0,0,10,0.0,0.0,0.0,5,0,0,0,0,5,5,0,0,0,0,0,0,0,0,0,0,0,0,7,0,0,0,0,0,0,0,0,0,0,0,0,0,0,18,1,0
D:\trabCKMetrics\repos\changmingxietcc-transaction\tcc-transaction-ha\tcc-transaction-ha-core\src\main\java\org\mengyun\tcctransaction\ha\registry\Noop.java,org.mengyun.tcctransaction.ha.registry.Noop,class,1,2,1,1,0,1,0,0,0,0.0,-1.0,-1.0,0,0,0,0,0,0,0,0,0,0,0,0,0,0,0,0,0,0,0,2,0,0,0,0,0,0,0,0,0,0,0,0,0,0,8,1,0
D:\trabCKMetrics\repos\changmingxietcc-transaction\tcc-transaction-core\src\main\java\org\mengyun\tcctransaction\utils\CompensableMethodUtils.java,org.mengyun.tcctransaction.utils.CompensableMethodUtils,class,6,6,0,6,15,1,0,9,3,0.0,0.0,0.0,3,3,3,0,0,0,3,0,0,0,0,0,0,0,0,0,0,0,0,35,6,1,3,1,4,0,2,5,0,3,2,0,0,0,35,1,0
D:\trabCKMetrics\repos\changmingxietcc-transaction\tcc-transaction-dashboard\src\main\java\org\mengyun\tcctransaction\server\dao\RedisTransactionDao.java,org.mengyun.tcctransaction.server.dao.RedisTransactionDao,class,9,16,7,9,16,1,0,14,9,0.75,0.0,0.0,14,0,12,2,0,0,12,0,0,0,4,2,0,4,0,0,4,0,7,168,7,0,1,1,1,4,7,10,7,10,1,7,0,0,56,1,0
D:\trabCKMetrics\repos\changmingxietcc-transaction\tcc-transaction-core\src\main\java\org\mengyun\tcctransaction\repository\helper\JedisClusterCommands.java,org.mengyun.tcctransaction.repository.helper.JedisClusterCommands,class,5,7,2,5,9,1,0,7,6,0.33333334,0.0,0.0,9,0,9,0,0,0,9,0,0,0,1,0,0,1,0,0,0,0,0,29,4,0,0,0,0,0,0,1,0,1,0,0,0,0,27,1,0
D:\trabCKMetrics\repos\changmingxietcc-transaction\tcc-transaction-unit-test\src\main\java\org\mengyun\tcctransaction\unittest\client\TransferService.java,org.mengyun.tcctransaction.unittest.client.TransferService,class,6,7,1,6,7,1,0,6,9,0.42857143,0.0,0.0,7,0,7,0,0,0,7,0,0,0,1,0,0,0,0,1,0,0,6,31,0,0,0,0,0,8,0,0,0,1,0,0,0,0,22,1,6
D:\trabCKMetrics\repos\changmingxietcc-transaction\tcc-transaction-core\src\main\java\org\mengyun\tcctransaction\interceptor\CompensableTransactionAspect.java,org.mengyun.tcctransaction.interceptor.CompensableTransactionAspect,class,10,11,1,10,7,1,1,8,4,0.5,0.0,0.0,4,0,4,0,0,0,4,1,0,0,1,0,0,1,0,0,0,0,1,21,1,0,1,0,1,2,0,6,0,4,1,0,0,0,28,1025,0
D:\trabCKMetrics\repos\changmingxietcc-transaction\tcc-transaction-tutorial-sample\tcc-transaction-sample-domain\tcc-transaction-sample-order\src\main\java\org\mengyun\tcctransaction\sample\order\domain\factory\OrderFactory.java,org.mengyun.tcctransaction.sample.order.domain.factory.OrderFactory,class,7,8,1,7,2,1,0,5,0,0.0,NaN,NaN,1,0,1,0,0,0,1,0,0,0,1,0,0,0,0,1,0,0,0,11,1,1,0,0,0,0,0,2,0,3,1,0,0,0,14,1,0
D:\trabCKMetrics\repos\changmingxietcc-transaction\tcc-transaction-core\src\main\java\org\mengyun\tcctransaction\repository\JedisClusterTransactionRepository.java,org.mengyun.tcctransaction.repository.JedisClusterTransactionRepository$JedisClusterShardHolder,innerclass,8,8,0,8,17,1,0,20,8,0.70000005,0.0,0.0,5,0,2,3,0,0,2,0,0,0,2,1,0,2,0,0,1,0,0,68,4,4,2,3,1,1,3,14,0,14,4,0,0,0,52,0,1
D:\trabCKMetrics\repos\changmingxietcc-transaction\tcc-transaction-core\src\main\java\org\mengyun\tcctransaction\interceptor\CompensableMethodContext.java,org.mengyun.tcctransaction.interceptor.CompensableMethodContext,class,10,13,3,10,30,1,0,16,0,0.575,0.0,0.0,10,0,10,0,0,0,10,0,0,0,4,0,0,1,0,3,0,0,1,64,15,2,17,0,0,0,1,12,0,8,3,0,0,0,32,1,0
D:\trabCKMetrics\repos\changmingxietcc-transaction\tcc-transaction-core\src\main\java\org\mengyun\tcctransaction\repository\LocalStorable.java,org.mengyun.tcctransaction.repository.LocalStorable,interface,0,3,3,0,0,1,0,0,0,0.0,-1.0,-1.0,0,0,0,0,0,0,0,0,0,0,0,0,0,0,0,0,0,0,0,2,0,0,0,0,0,0,0,0,0,0,0,0,0,0,2,1,0
D:\trabCKMetrics\repos\changmingxietcc-transaction\tcc-transaction-ha\tcc-transaction-ha-core\src\main\java\org\mengyun\tcctransaction\ha\registry\RegistrationUtil.java,org.mengyun.tcctransaction.ha.registry.RegistrationUtil$Anonymous1,anonymous,2,2,0,2,1,1,0,7,0,0.0,NaN,NaN,1,0,1,0,0,0,1,0,0,0,0,0,0,0,0,0,0,0,0,10,1,0,0,0,0,0,1,1,0,1,0,0,0,0,7,-1,0
D:\trabCKMetrics\repos\changmingxietcc-transaction\tcc-transaction-ha\tcc-transaction-ha-spring\src\main\java\org\mengyun\tcctransaction\ha\spring\RegistrationSpringFactory.java,org.mengyun.tcctransaction.ha.spring.RegistrationSpringFactory,class,6,6,0,6,15,1,0,7,36,0.75,0.0,0.0,12,0,12,0,0,0,12,0,0,0,5,0,0,5,0,0,0,0,1,49,7,0,2,0,0,0,0,7,0,6,1,0,0,0,32,1,0
D:\trabCKMetrics\repos\changmingxietcc-transaction\tcc-transaction-tutorial-sample\tcc-transaction-dubbo-sample\tcc-transaction-dubbo-redpacket\src\main\java\org\mengyun\tcctransaction\sample\dubbo\redpacket\service\RedPacketAccountServiceImpl.java,org.mengyun.tcctransaction.sample.dubbo.redpacket.service.RedPacketAccountServiceImpl,class,5,5,0,5,1,1,0,2,0,0.0,NaN,NaN,1,0,1,0,0,0,1,0,0,0,1,0,0,0,0,1,0,0,0,6,1,0,0,0,0,1,0,0,0,1,0,0,0,0,17,1,0
D:\trabCKMetrics\repos\changmingxietcc-transaction\tcc-transaction-ha\tcc-transaction-ha-zookeeper\src\main\java\org\mengyun\tcctransaction\ha\zookeeper\ZKpathConstants.java,org.mengyun.tcctransaction.ha.zookeeper.ZKpathConstants,class,0,0,0,0,0,1,0,0,0,NaN,-1.0,-1.0,0,0,0,0,0,0,0,0,0,0,2,2,2,0,0,0,0,0,0,4,0,0,0,0,0,2,0,2,0,2,0,0,0,0,16,1,0
D:\trabCKMetrics\repos\changmingxietcc-transaction\tcc-transaction-api\src\main\java\org\mengyun\tcctransaction\api\TransactionStatus.java,org.mengyun.tcctransaction.api.TransactionStatus,enum,1,14,13,1,8,1,0,0,0,0.0,0.0,0.0,3,1,2,0,0,1,3,0,0,0,1,0,0,1,0,0,0,0,0,24,6,0,0,0,0,2,10,1,1,1,1,0,0,0,34,1,0
D:\trabCKMetrics\repos\changmingxietcc-transaction\tcc-transaction-dubbo\src\main\java\org\mengyun\tcctransaction\dubbo\constants\TransactionContextConstants.java,org.mengyun.tcctransaction.dubbo.constants.TransactionContextConstants,class,0,0,0,0,0,1,0,0,0,NaN,-1.0,-1.0,0,0,0,0,0,0,0,0,0,0,1,1,1,0,0,0,1,0,0,3,0,0,0,0,0,1,0,1,0,1,0,0,0,0,17,1,0
D:\trabCKMetrics\repos\changmingxietcc-transaction\tcc-transaction-core\src\main\java\org\mengyun\tcctransaction\serializer\TransactionSerializer.java,org.mengyun.tcctransaction.serializer.TransactionSerializer,interface,2,9,7,2,0,1,0,0,0,0.0,-1.0,-1.0,0,0,0,0,0,0,0,0,0,0,0,0,0,0,0,0,0,0,0,2,0,0,0,0,0,0,0,0,0,0,0,0,0,0,5,1,0
D:\trabCKMetrics\repos\changmingxietcc-transaction\tcc-transaction-unit-test\src\main\java\org\mengyun\tcctransaction\unittest\service\AccountService.java,org.mengyun.tcctransaction.unittest.service.AccountService,interface,1,3,2,1,5,1,0,0,10,0.0,0.0,0.0,5,0,0,0,0,5,5,0,0,0,0,0,0,0,0,0,0,0,0,7,0,0,0,0,0,0,0,0,0,0,0,0,0,0,18,1,0
D:\trabCKMetrics\repos\changmingxietcc-transaction\tcc-transaction-api\src\main\java\org\mengyun\tcctransaction\api\UuidUtils.java,org.mengyun.tcctransaction.api.UuidUtils,class,1,1,0,1,2,1,0,6,1,0.0,0.0,0.0,2,2,2,0,0,0,2,0,0,0,0,0,0,0,0,0,0,0,2,14,2,0,0,0,0,0,1,4,0,4,0,0,0,0,19,1,0
D:\trabCKMetrics\repos\changmingxietcc-transaction\tcc-transaction-dashboard\src\main\java\org\mengyun\tcctransaction\server\degradation\DegradationContainer.java,org.mengyun.tcctransaction.server.degradation.DegradationContainer,class,7,8,1,7,9,1,0,16,3,0.5555556,0.0,0.0,6,0,6,0,0,0,6,0,0,0,3,0,0,3,0,0,3,0,2,39,1,0,0,0,0,0,0,7,0,9,2,0,0,1,30,1,0
D:\trabCKMetrics\repos\changmingxietcc-transaction\tcc-transaction-tutorial-sample\tcc-transaction-http-sample\tcc-transaction-http-order\src\main\java\org\mengyun\tcctransaction\sample\http\order\web\controller\OrderController.java,org.mengyun.tcctransaction.sample.http.order.web.controller.OrderController,class,16,17,1,16,11,1,0,22,11,0.75,0.0,0.0,6,0,5,1,0,0,5,0,0,0,4,0,0,0,0,4,0,0,1,74,6,1,0,1,0,28,5,16,2,16,3,0,0,0,59,1,0
D:\trabCKMetrics\repos\changmingxietcc-transaction\tcc-transaction-tutorial-sample\tcc-transaction-sample-domain\tcc-transaction-sample-order\src\main\java\org\mengyun\tcctransaction\sample\order\domain\repository\OrderRepository.java,org.mengyun.tcctransaction.sample.order.domain.repository.OrderRepository,class,6,9,3,6,5,1,0,6,0,0.33333334,0.0,0.0,3,0,3,0,0,0,3,0,0,0,2,0,0,0,0,2,0,0,0,20,1,1,0,0,0,1,1,1,0,3,1,0,0,0,21,1,0
D:\trabCKMetrics\repos\changmingxietcc-transaction\tcc-transaction-tutorial-sample\tcc-transaction-dubbo-sample\tcc-transaction-dubbo-redpacket-api\src\main\java\org\mengyun\tcctransaction\sample\dubbo\redpacket\api\dto\RedPacketTradeOrderDto.java,org.mengyun.tcctransaction.sample.dubbo.redpacket.api.dto.RedPacketTradeOrderDto,class,0,3,3,0,10,1,0,0,35,0.8333333,0.0,0.0,10,0,10,0,0,0,10,0,0,0,6,1,0,6,0,0,1,0,0,38,5,0,0,0,0,0,1,6,0,6,0,0,0,0,33,1,0
D:\trabCKMetrics\repos\changmingxietcc-transaction\tcc-transaction-tutorial-sample\tcc-transaction-http-sample\tcc-transaction-http-redpacket\src\main\java\org\mengyun\tcctransaction\sample\http\redpacket\service\RedPacketAccountServiceImpl.java,org.mengyun.tcctransaction.sample.http.redpacket.service.RedPacketAccountServiceImpl,class,4,4,0,4,1,1,0,2,0,0.0,NaN,NaN,1,0,1,0,0,0,1,0,0,0,1,0,0,0,0,1,0,0,0,6,1,0,0,0,0,0,0,0,0,1,0,0,0,0,17,1,0
D:\trabCKMetrics\repos\changmingxietcc-transaction\tcc-transaction-tutorial-sample\tcc-transaction-sample-domain\tcc-transaction-sample-captial\src\main\java\org\mengyun\tcctransaction\sample\capital\domain\repository\CapitalAccountRepository.java,org.mengyun.tcctransaction.sample.capital.domain.repository.CapitalAccountRepository,class,5,9,4,5,3,1,0,2,0,0.0,0.0,0.0,2,0,2,0,0,0,2,0,0,0,1,0,0,0,0,1,0,0,0,12,1,0,0,0,0,0,1,1,0,2,1,0,0,0,19,1,0
D:\trabCKMetrics\repos\changmingxietcc-transaction\tcc-transaction-core\src\main\java\org\mengyun\tcctransaction\common\TransactionType.java,org.mengyun.tcctransaction.common.TransactionType,enum,1,6,5,1,5,1,0,0,0,0.0,0.0,0.0,3,1,2,0,0,1,3,0,0,0,1,0,0,0,0,1,0,0,0,18,4,0,0,0,0,0,4,1,0,1,1,0,0,0,21,1,0
D:\trabCKMetrics\repos\changmingxietcc-transaction\tcc-transaction-ha\tcc-transaction-ha-zookeeper\src\main\java\org\mengyun\tcctransaction\ha\zookeeper\ZookeeperSentinelController.java,org.mengyun.tcctransaction.ha.zookeeper.ZookeeperSentinelController,class,9,11,2,9,10,1,0,14,0,0.59375,0.0,0.0,8,0,6,2,0,0,6,0,0,0,4,0,0,4,0,0,3,0,1,46,2,0,2,0,0,1,0,8,0,7,1,1,0,0,34,1,0
D:\trabCKMetrics\repos\changmingxietcc-transaction\tcc-transaction-core\src\main\java\org\mengyun\tcctransaction\TransactionManager.java,org.mengyun.tcctransaction.TransactionManager,class,12,20,8,12,35,1,0,34,68,0.84033614,0.0,0.0,17,0,14,3,0,0,14,0,0,0,7,2,0,6,0,1,2,0,3,185,7,0,7,6,1,6,8,18,5,18,3,2,1,0,80,1,5
D:\trabCKMetrics\repos\changmingxietcc-transaction\tcc-transaction-ha\tcc-transaction-ha-core\src\main\java\org\mengyun\tcctransaction\ha\registry\jedis\JedisClusterRegistration.java,org.mengyun.tcctransaction.ha.registry.jedis.JedisClusterRegistration,class,5,8,3,5,0,2,0,0,0,NaN,-1.0,-1.0,0,0,0,0,0,0,0,0,0,0,1,0,0,1,0,0,0,0,0,3,0,0,0,0,0,0,0,1,0,1,0,0,0,0,8,1,0
D:\trabCKMetrics\repos\changmingxietcc-transaction\tcc-transaction-ha\tcc-transaction-ha-core\src\main\java\org\mengyun\tcctransaction\ha\registry\jedis\JedisRegistration.java,org.mengyun.tcctransaction.ha.registry.jedis.JedisRegistration,class,4,7,3,4,0,2,0,0,0,NaN,-1.0,-1.0,0,0,0,0,0,0,0,0,0,0,1,0,0,1,0,0,0,0,0,3,0,0,0,0,0,0,0,0,0,1,0,0,0,0,13,1,0
D:\trabCKMetrics\repos\changmingxietcc-transaction\tcc-transaction-dashboard\src\main\java\org\mengyun\tcctransaction\server\S.java,org.mengyun.tcctransaction.server.S,class,3,4,1,3,1,1,0,14,0,0.0,NaN,NaN,1,1,1,0,0,0,1,0,0,0,0,0,0,0,0,0,0,0,4,23,1,0,0,0,1,0,0,6,0,6,0,1,0,0,20,17,0
D:\trabCKMetrics\repos\changmingxietcc-transaction\tcc-transaction-dashboard\src\main\java\org\mengyun\tcctransaction\server\dao\Daos.java,org.mengyun.tcctransaction.server.dao.Daos,class,24,26,2,24,22,1,0,49,0,0.45000002,0.0,0.0,10,0,7,3,0,0,7,0,0,4,2,1,0,2,0,0,2,0,4,163,6,1,2,6,2,6,9,46,0,55,4,1,2,11,81,1,4
D:\trabCKMetrics\repos\changmingxietcc-transaction\tcc-transaction-core\src\main\java\org\mengyun\tcctransaction\repository\RocksDbTransactionRepository.java,org.mengyun.tcctransaction.repository.RocksDbTransactionRepository$Anonymous1,anonymous,1,1,0,1,2,1,0,1,1,0.0,0.0,0.0,2,0,2,0,0,0,2,0,0,0,0,0,0,0,0,0,0,0,0,7,1,0,0,0,0,0,0,0,0,0,0,0,0,0,8,-1,0
D:\trabCKMetrics\repos\changmingxietcc-transaction\tcc-transaction-tutorial-sample\tcc-transaction-sample-domain\tcc-transaction-sample-order\src\main\java\org\mengyun\tcctransaction\sample\order\infrastructure\dao\ProductDao.java,org.mengyun.tcctransaction.sample.order.infrastructure.dao.ProductDao,interface,1,2,1,1,2,1,0,0,1,0.0,0.0,0.0,2,0,0,0,0,2,2,0,0,0,0,0,0,0,0,0,0,0,0,4,0,0,0,0,0,0,0,0,0,0,0,0,0,0,11,1,0
D:\trabCKMetrics\repos\changmingxietcc-transaction\tcc-transaction-core\src\main\java\org\mengyun\tcctransaction\repository\helper\CommandCallback.java,org.mengyun.tcctransaction.repository.helper.CommandCallback,interface,2,8,6,2,1,1,0,0,0,0.0,NaN,NaN,1,0,0,0,0,1,1,0,0,0,0,0,0,0,0,0,0,0,0,3,0,0,0,0,0,0,0,0,0,0,0,0,0,0,5,1,0
D:\trabCKMetrics\repos\changmingxietcc-transaction\tcc-transaction-core\src\main\java\org\mengyun\tcctransaction\Version.java,org.mengyun.tcctransaction.Version,class,1,3,2,1,8,1,0,13,6,0.0,NaN,NaN,4,3,1,3,0,0,1,0,0,0,0,0,0,0,0,0,0,0,3,33,7,0,2,2,1,0,0,5,0,5,2,0,0,0,41,1,0
D:\trabCKMetrics\repos\changmingxietcc-transaction\tcc-transaction-core\src\main\java\org\mengyun\tcctransaction\interceptor\ResourceCoordinatorAspect.java,org.mengyun.tcctransaction.interceptor.ResourceCoordinatorAspect,class,12,15,3,12,8,1,1,9,8,0.6,0.0,0.0,5,0,5,0,0,0,5,1,0,0,1,0,0,1,0,0,0,0,1,24,2,0,1,0,1,2,0,6,0,4,1,0,0,0,34,1025,0
D:\trabCKMetrics\repos\changmingxietcc-transaction\tcc-transaction-core\src\main\java\org\mengyun\tcctransaction\support\FactoryBuilder.java,org.mengyun.tcctransaction.support.FactoryBuilder,class,3,9,6,3,7,1,0,6,1,0.5,0.0,0.0,3,2,2,1,0,0,2,0,0,0,2,2,0,2,0,0,0,0,0,60,1,1,0,0,0,0,0,2,0,2,3,0,1,0,14,17,0
D:\trabCKMetrics\repos\changmingxietcc-transaction\tcc-transaction-core\src\main\java\org\mengyun\tcctransaction\recovery\TransactionRecovery.java,org.mengyun.tcctransaction.recovery.TransactionRecovery,class,13,18,5,13,42,1,0,59,21,0.8080809,0.0,0.0,11,0,3,8,0,0,3,0,0,0,9,4,2,5,0,2,3,0,7,201,2,4,5,4,0,7,11,24,6,20,4,0,1,0,112,1,7
D:\trabCKMetrics\repos\changmingxietcc-transaction\tcc-transaction-core\src\main\java\org\mengyun\tcctransaction\utils\ReflectionUtils.java,org.mengyun.tcctransaction.utils.ReflectionUtils,class,3,6,3,3,25,1,0,22,10,0.8,0.0,0.0,5,5,4,1,0,0,4,0,0,0,1,1,0,1,0,0,0,0,5,89,14,2,5,2,1,1,6,15,0,10,4,0,0,0,52,1,0
D:\trabCKMetrics\repos\changmingxietcc-transaction\tcc-transaction-core\src\main\java\org\mengyun\tcctransaction\repository\AbstractKVStoreTransactionRepository.java,org.mengyun.tcctransaction.repository.AbstractKVStoreTransactionRepository,class,13,18,5,13,22,2,0,31,34,0.8518519,0.0,0.0,9,0,3,1,3,2,8,3,0,0,3,1,0,0,0,3,1,0,3,102,4,3,0,1,0,1,6,29,3,22,3,0,0,0,59,1025,1
D:\trabCKMetrics\repos\changmingxietcc-transaction\tcc-transaction-dashboard\src\main\java\org\mengyun\tcctransaction\server\vo\InvocationInfo.java,org.mengyun.tcctransaction.server.vo.InvocationInfo,class,1,1,0,1,7,1,0,4,3,0.5714286,0.0,0.0,7,0,7,0,0,0,7,0,0,0,3,0,0,3,0,0,0,0,0,30,3,0,0,0,0,2,2,8,1,4,0,0,0,0,18,1,0
D:\trabCKMetrics\repos\changmingxietcc-transaction\tcc-transaction-core\src\main\java\org\mengyun\tcctransaction\repository\helper\ShardHolder.java,org.mengyun.tcctransaction.repository.helper.ShardHolder,interface,1,8,7,1,1,1,0,0,0,0.0,NaN,NaN,1,0,0,0,0,1,1,0,0,0,0,0,0,0,0,0,0,0,0,3,0,0,0,0,0,0,0,0,0,0,0,0,0,0,4,1,0
D:\trabCKMetrics\repos\changmingxietcc-transaction\tcc-transaction-ha\tcc-transaction-ha-core\src\main\java\org\mengyun\tcctransaction\ha\registry\Node.java,org.mengyun.tcctransaction.ha.registry.Node,class,1,3,2,1,0,1,2,0,0,NaN,-1.0,-1.0,0,0,0,0,0,0,0,0,0,0,3,0,0,3,0,0,0,0,0,5,0,0,0,0,0,0,0,0,0,3,0,0,0,0,5,1025,0
D:\trabCKMetrics\repos\changmingxietcc-transaction\tcc-transaction-core\src\main\java\org\mengyun\tcctransaction\support\BeanFactory.java,org.mengyun.tcctransaction.support.BeanFactory,interface,1,3,2,1,2,1,0,0,1,0.0,0.0,0.0,2,0,0,0,0,2,2,0,0,0,0,0,0,0,0,0,0,0,0,4,0,0,0,0,0,0,0,0,0,0,0,0,0,0,12,1,0
D:\trabCKMetrics\repos\changmingxietcc-transaction\tcc-transaction-tutorial-sample\tcc-transaction-http-sample\tcc-transaction-http-capital-api\src\main\java\org\mengyun\tcctransaction\sample\http\capital\api\dto\CapitalTradeOrderDto.java,org.mengyun.tcctransaction.sample.http.capital.api.dto.CapitalTradeOrderDto,class,0,4,4,0,10,1,0,0,35,0.8333333,0.0,0.0,10,0,10,0,0,0,10,0,0,0,6,1,0,6,0,0,1,0,0,38,5,0,0,0,0,0,1,6,0,6,0,0,0,0,32,1,0
D:\trabCKMetrics\repos\changmingxietcc-transaction\tcc-transaction-tutorial-sample\tcc-transaction-sample-domain\tcc-transaction-sample-order\src\main\java\org\mengyun\tcctransaction\sample\order\domain\entity\OrderLine.java,org.mengyun.tcctransaction.sample.order.domain.entity.OrderLine,class,0,3,3,0,7,1,0,2,9,0.74285716,0.0,0.0,7,0,7,0,0,0,7,0,0,0,5,1,0,5,0,0,1,0,1,29,5,0,0,0,0,0,1,4,0,5,0,0,0,0,29,1,0
D:\trabCKMetrics\repos\changmingxietcc-transaction\tcc-transaction-core\src\main\java\org\mengyun\tcctransaction\common\ParticipantRole.java,org.mengyun.tcctransaction.common.ParticipantRole,enum,0,2,2,0,0,1,0,0,0,0.0,-1.0,-1.0,0,0,0,0,0,0,0,0,0,0,0,0,0,0,0,0,0,0,0,1,0,0,0,0,0,0,0,0,0,0,0,0,0,0,13,1,0
D:\trabCKMetrics\repos\changmingxietcc-transaction\tcc-transaction-tutorial-sample\tcc-transaction-dubbo-sample\tcc-transaction-dubbo-redpacket\src\main\java\org\mengyun\tcctransaction\sample\dubbo\redpacket\service\RedPacketTradeOrderServiceImpl.java,org.mengyun.tcctransaction.sample.dubbo.redpacket.service.RedPacketTradeOrderServiceImpl,class,11,11,0,11,12,1,0,20,0,0.0,0.0,0.0,3,0,3,0,0,0,3,0,0,0,2,0,0,0,0,2,0,0,6,60,1,0,3,4,0,12,3,7,3,9,2,0,0,0,37,1,0
D:\trabCKMetrics\repos\changmingxietcc-transaction\tcc-transaction-core\src\main\java\org\mengyun\tcctransaction\repository\ShardJedisTransactionRepository.java,org.mengyun.tcctransaction.repository.ShardJedisTransactionRepository,class,9,10,1,9,5,4,0,2,0,0.25,0.0,0.0,4,0,2,0,2,0,4,0,0,0,1,0,0,1,0,0,0,0,1,33,3,0,0,0,0,2,0,2,1,1,1,1,0,0,53,1,0
D:\trabCKMetrics\repos\changmingxietcc-transaction\tcc-transaction-core\src\main\java\org\mengyun\tcctransaction\Participant.java,org.mengyun.tcctransaction.Participant,class,6,10,4,6,8,1,0,4,4,0.66071427,0.0,0.0,8,0,8,0,0,0,8,0,0,0,7,1,0,6,0,1,1,0,3,36,3,0,0,0,0,0,1,8,0,7,0,0,0,0,32,1,0
D:\trabCKMetrics\repos\changmingxietcc-transaction\tcc-transaction-tutorial-sample\tcc-transaction-sample-domain\tcc-transaction-sample-captial\src\main\java\org\mengyun\tcctransaction\sample\capital\infrastructure\dao\CapitalAccountDao.java,org.mengyun.tcctransaction.sample.capital.infrastructure.dao.CapitalAccountDao,interface,1,2,1,1,2,1,0,0,1,0.0,0.0,0.0,2,0,0,0,0,2,2,0,0,0,0,0,0,0,0,0,0,0,0,4,0,0,0,0,0,0,0,0,0,0,0,0,0,0,13,1,0
D:\trabCKMetrics\repos\changmingxietcc-transaction\tcc-transaction-spring\src\main\java\org\mengyun\tcctransaction\spring\xml\TccConfigNamespaceHandlerSupport.java,org.mengyun.tcctransaction.spring.xml.TccConfigNamespaceHandlerSupport,class,2,2,0,2,1,2,0,1,0,0.0,NaN,NaN,1,0,1,0,0,0,1,0,0,0,0,0,0,0,0,0,0,0,0,5,0,0,0,0,0,1,0,0,0,0,0,0,0,0,13,1,0
D:\trabCKMetrics\repos\changmingxietcc-transaction\tcc-transaction-dashboard\src\main\java\org\mengyun\tcctransaction\server\dao\Daos.java,org.mengyun.tcctransaction.server.dao.Daos$Cascader,innerclass,2,2,0,2,0,1,0,0,0,NaN,-1.0,-1.0,0,0,0,0,0,0,0,0,0,0,2,0,0,2,0,0,0,0,0,4,0,0,0,0,0,0,0,1,0,2,0,0,0,0,3,9,0
D:\trabCKMetrics\repos\changmingxietcc-transaction\tcc-transaction-unit-test\src\test\java\org\mengyun\tcctransaction\unittest\AccountServiceTest.java,org.mengyun.tcctransaction.unittest.AccountServiceTest,class,10,10,0,10,12,2,0,11,0,0.0,0.0,0.0,4,0,4,0,0,0,4,0,0,0,2,0,0,1,0,1,0,0,4,44,0,0,8,0,0,0,30,10,0,12,0,0,0,0,24,1,0
D:\trabCKMetrics\repos\changmingxietcc-transaction\tcc-transaction-tutorial-sample\tcc-transaction-sample-domain\tcc-transaction-sample-order\src\main\java\org\mengyun\tcctransaction\sample\order\domain\repository\ShopRepository.java,org.mengyun.tcctransaction.sample.order.domain.repository.ShopRepository,class,4,6,2,4,1,1,0,1,0,0.0,NaN,NaN,1,0,1,0,0,0,1,0,0,0,1,0,0,0,0,1,0,0,0,6,1,0,0,0,0,0,0,0,0,1,0,0,0,0,11,1,0
D:\trabCKMetrics\repos\changmingxietcc-transaction\tcc-transaction-tutorial-sample\tcc-transaction-sample-domain\tcc-transaction-sample-captial\src\main\java\org\mengyun\tcctransaction\sample\capital\domain\entity\CapitalAccount.java,org.mengyun.tcctransaction.sample.capital.domain.entity.CapitalAccount,class,2,9,7,2,8,1,0,5,13,0.71428573,0.0,0.0,7,0,7,0,0,0,7,0,0,0,4,0,0,4,0,0,0,0,0,32,3,0,0,0,0,0,1,6,0,4,1,0,0,0,24,1,0
D:\trabCKMetrics\repos\changmingxietcc-transaction\tcc-transaction-dashboard\src\main\java\org\mengyun\tcctransaction\server\model\Result.java,org.mengyun.tcctransaction.server.model.Result,class,3,6,3,3,5,1,0,2,8,0.73333335,0.0,0.0,5,4,4,1,0,0,4,0,0,0,3,0,0,3,0,0,0,0,0,22,4,0,0,0,0,2,4,4,0,3,0,0,0,0,13,1,0
D:\trabCKMetrics\repos\changmingxietcc-transaction\tcc-transaction-dashboard\src\main\java\org\mengyun\tcctransaction\server\constants\LuaScriptConstant.java,org.mengyun.tcctransaction.server.constants.LuaScriptConstant,class,0,0,0,0,0,1,0,0,0,NaN,-1.0,-1.0,0,0,0,0,0,0,0,0,0,0,1,1,1,0,0,0,0,0,0,3,0,0,0,0,0,5,0,1,1,1,0,0,0,0,14,1,0
D:\trabCKMetrics\repos\changmingxietcc-transaction\tcc-transaction-tutorial-sample\tcc-transaction-dubbo-sample\tcc-transaction-dubbo-redpacket-api\src\main\java\org\mengyun\tcctransaction\sample\dubbo\redpacket\api\RedPacketAccountService.java,org.mengyun.tcctransaction.sample.dubbo.redpacket.api.RedPacketAccountService,interface,0,2,2,0,1,1,0,0,0,0.0,NaN,NaN,1,0,0,0,0,1,1,0,0,0,0,0,0,0,0,0,0,0,0,3,0,0,0,0,0,0,0,0,0,0,0,0,0,0,14,1,0
D:\trabCKMetrics\repos\changmingxietcc-transaction\tcc-transaction-api\src\main\java\org\mengyun\tcctransaction\api\TransactionContextEditor.java,org.mengyun.tcctransaction.api.TransactionContextEditor,interface,1,7,6,1,2,1,0,0,1,0.0,0.0,0.0,2,0,2,0,0,0,2,0,0,0,0,0,0,0,0,0,0,0,0,4,0,0,0,0,0,0,0,0,0,0,0,0,0,0,11,1,0
D:\trabCKMetrics\repos\changmingxietcc-transaction\tcc-transaction-core\src\main\java\org\mengyun\tcctransaction\repository\AbstractTransactionRepository.java,org.mengyun.tcctransaction.repository.AbstractTransactionRepository,class,5,10,5,5,12,1,4,6,55,0.0,0.0,0.0,11,0,6,0,5,0,11,5,0,0,0,0,0,0,0,0,0,0,0,33,5,0,0,0,0,0,3,5,0,4,1,0,0,0,34,1025,0
D:\trabCKMetrics\repos\changmingxietcc-transaction\tcc-transaction-dubbo\src\main\java\org\mengyun\tcctransaction\dubbo\filter\DubboInvokeProceedingJoinPoint.java,org.mengyun.tcctransaction.dubbo.filter.DubboInvokeProceedingJoinPoint,class,7,9,2,7,8,1,0,7,4,0.65625,0.0,0.0,8,0,8,0,0,0,8,0,0,0,4,0,0,2,0,2,0,0,0,33,7,0,0,0,2,0,0,4,0,4,0,0,0,0,26,1,0
D:\trabCKMetrics\repos\changmingxietcc-transaction\tcc-transaction-tutorial-sample\tcc-transaction-dubbo-sample\tcc-transaction-dubbo-capital-api\src\main\java\org\mengyun\tcctransaction\sample\dubbo\capital\api\CapitalTradeOrderService.java,org.mengyun.tcctransaction.sample.dubbo.capital.api.CapitalTradeOrderService,interface,2,4,2,2,1,1,0,0,0,0.0,NaN,NaN,1,0,1,0,0,0,1,0,0,0,0,0,0,0,0,0,0,0,0,3,0,0,0,0,0,0,0,0,0,0,0,0,0,0,10,1,0
D:\trabCKMetrics\repos\changmingxietcc-transaction\tcc-transaction-core\src\main\java\org\mengyun\tcctransaction\recovery\TransactionRecovery.java,org.mengyun.tcctransaction.recovery.TransactionRecovery$RecoverTask,innerclass,3,3,0,3,2,1,0,1,0,0.0,0.0,0.0,2,0,2,0,0,0,2,0,0,0,2,0,0,0,0,2,0,0,0,12,1,0,0,0,0,0,0,2,0,2,0,0,0,0,11,0,0
D:\trabCKMetrics\repos\changmingxietcc-transaction\tcc-transaction-tutorial-sample\tcc-transaction-sample-domain\tcc-transaction-sample-order\src\main\java\org\mengyun\tcctransaction\sample\order\domain\entity\Shop.java,org.mengyun.tcctransaction.sample.order.domain.entity.Shop,class,0,4,4,0,2,1,0,0,1,0.5,0.0,0.0,2,0,2,0,0,0,2,0,0,0,2,0,0,2,0,0,0,0,0,10,2,0,0,0,0,0,0,0,0,2,0,0,0,0,10,1,0
D:\trabCKMetrics\repos\changmingxietcc-transaction\tcc-transaction-core\src\main\java\org\mengyun\tcctransaction\repository\JdbcTransactionRepository.java,org.mengyun.tcctransaction.repository.JdbcTransactionRepository,class,12,14,2,12,50,2,0,58,89,0.7638889,0.0,0.0,18,0,7,2,9,0,16,0,0,0,4,0,0,4,0,0,0,0,8,239,13,3,2,8,0,32,33,42,9,31,3,0,0,0,94,1,0
D:\trabCKMetrics\repos\changmingxietcc-transaction\tcc-transaction-api\src\main\java\org\mengyun\tcctransaction\api\TransactionXid.java,org.mengyun.tcctransaction.api.TransactionXid,class,2,9,7,2,25,1,0,19,0,0.6933333,0.0,0.0,15,2,13,2,0,0,13,0,0,0,5,2,0,5,0,0,1,0,21,111,15,0,7,0,0,3,9,30,6,15,1,0,0,0,65,1,0
D:\trabCKMetrics\repos\changmingxietcc-transaction\tcc-transaction-tutorial-sample\tcc-transaction-sample-domain\tcc-transaction-sample-redpacket\src\main\java\org\mengyun\tcctransaction\sample\redpacket\infrastructure\dao\RedPacketAccountDao.java,org.mengyun.tcctransaction.sample.redpacket.infrastructure.dao.RedPacketAccountDao,interface,1,2,1,1,2,1,0,0,1,0.0,0.0,0.0,2,0,0,0,0,2,2,0,0,0,0,0,0,0,0,0,0,0,0,4,0,0,0,0,0,0,0,0,0,0,0,0,0,0,14,1,0
D:\trabCKMetrics\repos\changmingxietcc-transaction\tcc-transaction-ha\tcc-transaction-ha-core\src\main\java\org\mengyun\tcctransaction\ha\registry\Registry.java,org.mengyun.tcctransaction.ha.registry.Registry,interface,1,4,3,1,3,1,0,0,3,0.0,0.0,0.0,3,0,0,0,0,3,3,0,0,0,0,0,0,0,0,0,0,0,0,8,0,0,0,0,0,0,0,0,0,0,0,0,0,0,9,1,0
D:\trabCKMetrics\repos\changmingxietcc-transaction\tcc-transaction-api\src\main\java\org\mengyun\tcctransaction\api\TransactionContext.java,org.mengyun.tcctransaction.api.TransactionContext,class,3,24,21,3,15,1,0,5,38,0.78205127,0.0,0.0,13,0,13,0,0,0,13,0,0,0,6,1,0,6,0,0,1,0,0,51,5,0,1,0,0,0,1,12,0,6,1,0,0,0,27,1,0
D:\trabCKMetrics\repos\changmingxietcc-transaction\tcc-transaction-tutorial-sample\tcc-transaction-http-sample\tcc-transaction-http-capital-api\src\main\java\org\mengyun\tcctransaction\sample\http\capital\api\CapitalTradeOrderService.java,org.mengyun.tcctransaction.sample.http.capital.api.CapitalTradeOrderService,interface,2,4,2,2,1,1,0,0,0,0.0,NaN,NaN,1,0,1,0,0,0,1,0,0,0,0,0,0,0,0,0,0,0,0,3,0,0,0,0,0,0,0,0,0,0,0,0,0,0,12,1,0
D:\trabCKMetrics\repos\changmingxietcc-transaction\tcc-transaction-unit-test\src\main\java\org\mengyun\tcctransaction\unittest\utils\TraceLog.java,org.mengyun.tcctransaction.unittest.utils.TraceLog,class,0,5,5,0,3,1,0,3,0,0.0,0.0,0.0,3,3,3,0,0,0,3,0,0,0,1,1,0,1,0,0,0,0,0,13,1,0,0,0,0,0,0,1,0,1,0,0,0,0,8,1,0
D:\trabCKMetrics\repos\changmingxietcc-transaction\tcc-transaction-tutorial-sample\tcc-transaction-dubbo-sample\tcc-transaction-dubbo-order\src\main\java\org\mengyun\tcctransaction\sample\dubbo\order\web\controller\OrderController.java,org.mengyun.tcctransaction.sample.dubbo.order.web.controller.OrderController,class,16,17,1,16,9,1,0,20,11,0.75,0.0,0.0,6,0,5,1,0,0,5,0,0,0,4,0,0,0,0,4,0,0,0,54,6,0,0,0,0,28,2,14,2,15,2,0,0,0,57,1,0
D:\trabCKMetrics\repos\changmingxietcc-transaction\tcc-transaction-tutorial-sample\tcc-transaction-http-sample\tcc-transaction-http-capital-api\src\main\java\org\mengyun\tcctransaction\sample\http\capital\api\CapitalAccountService.java,org.mengyun.tcctransaction.sample.http.capital.api.CapitalAccountService,interface,0,2,2,0,1,1,0,0,0,0.0,NaN,NaN,1,0,0,0,0,1,1,0,0,0,0,0,0,0,0,0,0,0,0,3,0,0,0,0,0,0,0,0,0,0,0,0,0,0,13,1,0
D:\trabCKMetrics\repos\changmingxietcc-transaction\tcc-transaction-core\src\main\java\org\mengyun\tcctransaction\repository\AbstractRedisTransactionRepository.java,org.mengyun.tcctransaction.repository.AbstractRedisTransactionRepository$JedisComparator,innerclass,1,1,0,1,1,1,0,6,0,0.0,NaN,NaN,1,0,1,0,0,0,1,0,0,0,0,0,0,0,0,0,0,0,2,5,1,0,0,0,0,2,0,0,0,0,0,0,0,0,4,9,0
D:\trabCKMetrics\repos\changmingxietcc-transaction\tcc-transaction-core\src\main\java\org\mengyun\tcctransaction\serializer\KryoPoolSerializer.java,org.mengyun.tcctransaction.serializer.KryoPoolSerializer$Anonymous2,anonymous,3,3,0,3,1,1,0,3,0,0.0,NaN,NaN,1,0,1,0,0,0,1,0,0,0,0,0,0,0,0,0,0,0,0,9,1,0,0,0,0,0,0,2,0,2,0,0,0,0,9,-1,0
D:\trabCKMetrics\repos\changmingxietcc-transaction\tcc-transaction-core\src\main\java\org\mengyun\tcctransaction\serializer\KryoPoolSerializer.java,org.mengyun.tcctransaction.serializer.KryoPoolSerializer$Anonymous1,anonymous,3,3,0,3,1,1,0,5,0,0.0,NaN,NaN,1,0,1,0,0,0,1,0,0,0,0,0,0,0,0,0,0,0,0,10,1,0,0,0,1,0,0,1,0,1,0,0,0,0,10,-1,0
D:\trabCKMetrics\repos\changmingxietcc-transaction\tcc-transaction-tutorial-sample\tcc-transaction-dubbo-sample\tcc-transaction-dubbo-capital-api\src\main\java\org\mengyun\tcctransaction\sample\dubbo\capital\api\dto\CapitalTradeOrderDto.java,org.mengyun.tcctransaction.sample.dubbo.capital.api.dto.CapitalTradeOrderDto,class,0,3,3,0,10,1,0,0,35,0.8333333,0.0,0.0,10,0,10,0,0,0,10,0,0,0,6,1,0,6,0,0,1,0,0,38,5,0,0,0,0,0,1,6,0,6,0,0,0,0,32,1,0
D:\trabCKMetrics\repos\changmingxietcc-transaction\tcc-transaction-unit-test\src\main\java\org\mengyun\tcctransaction\unittest\utils\MessageConstants.java,org.mengyun.tcctransaction.unittest.utils.MessageConstants,class,0,0,0,0,0,1,0,0,0,NaN,-1.0,-1.0,0,0,0,0,0,0,0,0,0,0,9,9,9,0,0,0,8,0,0,11,0,0,0,0,0,9,0,9,0,9,0,0,0,0,19,1,0
D:\trabCKMetrics\repos\changmingxietcc-transaction\tcc-transaction-dashboard\src\main\java\org\mengyun\tcctransaction\server\registration\RegistrationController.java,org.mengyun.tcctransaction.server.registration.RegistrationController$Anonymous1,anonymous,3,3,0,3,2,1,0,2,0,0.0,NaN,NaN,1,0,1,0,0,0,1,0,0,0,0,0,0,0,0,0,0,0,0,10,2,0,0,0,0,0,0,0,0,0,1,0,0,0,6,-1,0
D:\trabCKMetrics\repos\changmingxietcc-transaction\tcc-transaction-dashboard\src\main\java\org\mengyun\tcctransaction\server\registration\RegistrationController.java,org.mengyun.tcctransaction.server.registration.RegistrationController,class,12,12,0,12,9,1,0,14,0,0.59259266,0.0,0.0,9,0,9,0,0,0,9,0,0,0,3,1,0,3,0,0,3,0,12,64,13,0,0,0,0,12,1,3,1,8,1,1,0,5,41,1,0
D:\trabCKMetrics\repos\changmingxietcc-transaction\tcc-transaction-tutorial-sample\tcc-transaction-sample-domain\tcc-transaction-sample-order\src\main\java\org\mengyun\tcctransaction\sample\order\domain\entity\Product.java,org.mengyun.tcctransaction.sample.order.domain.entity.Product,class,0,5,5,0,6,1,0,0,7,0.6666667,0.0,0.0,6,0,6,0,0,0,6,0,0,0,4,0,0,4,0,0,0,0,0,26,4,0,0,0,0,0,0,4,0,4,0,0,0,0,15,1,0
D:\trabCKMetrics\repos\changmingxietcc-transaction\tcc-transaction-core\src\main\java\org\mengyun\tcctransaction\ConcurrentTransactionException.java,org.mengyun.tcctransaction.ConcurrentTransactionException,class,0,0,0,0,3,4,0,0,3,1.0,0.0,0.0,3,0,3,0,0,0,3,0,0,0,1,1,0,1,0,0,1,0,0,11,0,0,0,0,0,0,1,1,0,1,0,0,0,0,17,1,0
D:\trabCKMetrics\repos\changmingxietcc-transaction\tcc-transaction-tutorial-sample\tcc-transaction-dubbo-sample\tcc-transaction-dubbo-redpacket-api\src\main\java\org\mengyun\tcctransaction\sample\dubbo\redpacket\api\RedPacketTradeOrderService.java,org.mengyun.tcctransaction.sample.dubbo.redpacket.api.RedPacketTradeOrderService,interface,2,4,2,2,1,1,0,0,0,0.0,NaN,NaN,1,0,1,0,0,0,1,0,0,0,0,0,0,0,0,0,0,0,0,3,0,0,0,0,0,0,0,0,0,0,0,0,0,0,11,1,0
D:\trabCKMetrics\repos\changmingxietcc-transaction\tcc-transaction-unit-test\src\main\java\org\mengyun\tcctransaction\unittest\client\AccountServiceStub.java,org.mengyun.tcctransaction.unittest.client.AccountServiceStub,class,5,6,1,5,14,1,0,8,0,0.2,0.0,0.0,5,0,5,0,0,0,5,0,0,0,1,0,0,1,0,0,0,0,5,73,0,0,0,5,0,0,2,5,0,6,1,1,0,4,26,1,0
D:\trabCKMetrics\repos\changmingxietcc-transaction\tcc-transaction-core\src\main\java\org\mengyun\tcctransaction\interceptor\TransactionMethodJoinPoint.java,org.mengyun.tcctransaction.interceptor.TransactionMethodJoinPoint,interface,1,7,6,1,7,1,0,0,21,0.0,0.0,0.0,7,0,0,0,0,7,7,0,0,0,0,0,0,0,0,0,0,0,0,9,0,0,0,0,0,0,0,0,0,0,0,0,0,0,15,1,0
D:\trabCKMetrics\repos\changmingxietcc-transaction\tcc-transaction-dubbo\src\main\java\org\mengyun\tcctransaction\dubbo\filter\CompensableTransactionFilter.java,org.mengyun.tcctransaction.dubbo.filter.CompensableTransactionFilter,class,13,13,0,13,4,1,0,10,0,0.0,NaN,NaN,1,0,1,0,0,0,1,0,0,0,0,0,0,0,0,0,0,0,2,22,3,0,1,1,0,0,0,4,0,3,2,0,0,0,25,1,0
D:\trabCKMetrics\repos\changmingxietcc-transaction\tcc-transaction-core\src\main\java\org\mengyun\tcctransaction\Transaction.java,org.mengyun.tcctransaction.Transaction,class,5,27,22,5,34,1,0,10,269,0.89225596,0.0,0.0,27,0,27,0,0,0,27,0,0,1,11,1,0,11,0,0,4,0,0,116,12,3,0,0,0,0,3,22,0,11,2,0,0,0,56,1,0
D:\trabCKMetrics\repos\changmingxietcc-transaction\tcc-transaction-core\src\main\java\org\mengyun\tcctransaction\Terminator.java,org.mengyun.tcctransaction.Terminator,class,7,8,1,7,4,1,0,13,1,0.0,0.0,0.0,2,1,2,0,0,0,2,0,0,0,0,0,0,0,0,0,0,0,3,19,2,0,0,1,0,0,0,3,0,2,2,0,0,0,20,17,0
D:\trabCKMetrics\repos\changmingxietcc-transaction\tcc-transaction-core\src\main\java\org\mengyun\tcctransaction\serializer\KryoPoolSerializer.java,org.mengyun.tcctransaction.serializer.KryoPoolSerializer$Anonymous4,anonymous,2,2,0,2,1,1,0,1,0,0.0,NaN,NaN,1,0,1,0,0,0,1,0,0,0,0,0,0,0,0,0,0,0,0,5,1,0,0,0,0,0,0,0,0,0,0,0,0,0,5,-1,0
D:\trabCKMetrics\repos\changmingxietcc-transaction\tcc-transaction-core\src\main\java\org\mengyun\tcctransaction\repository\TransactionRepository.java,org.mengyun.tcctransaction.repository.TransactionRepository,interface,2,12,10,2,7,1,0,0,21,0.0,0.0,0.0,7,0,0,0,0,7,7,0,0,0,0,0,0,0,0,0,0,0,0,10,0,0,0,0,0,0,0,0,0,0,0,0,0,0,24,1,0
D:\trabCKMetrics\repos\changmingxietcc-transaction\tcc-transaction-core\src\main\java\org\mengyun\tcctransaction\serializer\KryoPoolSerializer.java,org.mengyun.tcctransaction.serializer.KryoPoolSerializer$Anonymous3,anonymous,3,3,0,3,1,1,0,1,0,0.0,NaN,NaN,1,0,1,0,0,0,1,0,0,0,0,0,0,0,0,0,0,0,0,7,1,0,0,0,0,0,0,2,0,2,0,0,0,0,11,-1,0
D:\trabCKMetrics\repos\changmingxietcc-transaction\tcc-transaction-ha\tcc-transaction-ha-core\src\main\java\org\mengyun\tcctransaction\ha\registry\jdbc\JDBCNode.java,org.mengyun.tcctransaction.ha.registry.jdbc.JDBCNode,class,3,5,2,3,0,2,0,0,0,NaN,-1.0,-1.0,0,0,0,0,0,0,0,0,0,0,2,0,0,2,0,0,0,0,0,4,0,0,0,0,0,0,0,0,0,2,0,0,0,0,16,1,0
D:\trabCKMetrics\repos\changmingxietcc-transaction\tcc-transaction-tutorial-sample\tcc-transaction-http-sample\tcc-transaction-http-order\src\main\java\org\mengyun\tcctransaction\sample\http\order\service\PlaceOrderServiceImpl.java,org.mengyun.tcctransaction.sample.http.order.service.PlaceOrderServiceImpl,class,8,9,1,8,4,1,0,10,0,0.0,NaN,NaN,1,0,1,0,0,0,1,0,0,0,3,0,0,0,0,3,0,0,0,24,1,0,0,1,0,0,0,4,0,6,1,0,0,0,32,1,0
D:\trabCKMetrics\repos\changmingxietcc-transaction\tcc-transaction-core\src\main\java\org\mengyun\tcctransaction\repository\MemoryStoreTransactionRepository.java,org.mengyun.tcctransaction.repository.MemoryStoreTransactionRepository$Anonymous1,anonymous,1,1,0,1,2,1,0,1,1,0.0,0.0,0.0,2,0,2,0,0,0,2,0,0,0,0,0,0,0,0,0,0,0,0,7,1,0,0,0,0,0,0,0,0,0,0,0,0,0,8,-1,0
D:\trabCKMetrics\repos\changmingxietcc-transaction\tcc-transaction-tutorial-sample\tcc-transaction-dubbo-sample\tcc-transaction-dubbo-capital-api\src\main\java\org\mengyun\tcctransaction\sample\dubbo\capital\api\CapitalAccountService.java,org.mengyun.tcctransaction.sample.dubbo.capital.api.CapitalAccountService,interface,0,2,2,0,1,1,0,0,0,0.0,NaN,NaN,1,0,0,0,0,1,1,0,0,0,0,0,0,0,0,0,0,0,0,3,0,0,0,0,0,0,0,0,0,0,0,0,0,0,13,1,0
D:\trabCKMetrics\repos\changmingxietcc-transaction\tcc-transaction-tutorial-sample\tcc-transaction-http-sample\tcc-transaction-http-order\src\main\java\org\mengyun\tcctransaction\sample\http\order\web\controller\vo\PlaceOrderRequest.java,org.mengyun.tcctransaction.sample.http.order.web.controller.vo.PlaceOrderRequest,class,1,2,1,1,8,1,0,0,20,0.75,0.0,0.0,8,0,8,0,0,0,8,0,0,0,4,0,0,4,0,0,0,0,0,30,4,0,0,0,0,0,0,5,0,4,0,0,0,0,24,1,0
D:\trabCKMetrics\repos\changmingxietcc-transaction\tcc-transaction-core\src\main\java\org\mengyun\tcctransaction\InvocationContext.java,org.mengyun.tcctransaction.InvocationContext,class,0,4,4,0,7,1,0,1,13,0.7857143,0.0,0.0,7,0,7,0,0,0,7,0,0,0,6,1,0,6,0,0,2,0,0,31,4,0,0,0,0,0,1,6,0,6,0,0,0,0,30,1,0
D:\trabCKMetrics\repos\changmingxietcc-transaction\tcc-transaction-tutorial-sample\tcc-transaction-sample-domain\tcc-transaction-sample-captial\src\main\java\org\mengyun\tcctransaction\sample\capital\domain\repository\TradeOrderRepository.java,org.mengyun.tcctransaction.sample.capital.domain.repository.TradeOrderRepository,class,5,7,2,5,4,1,0,4,0,0.0,0.0,0.0,3,0,3,0,0,0,3,0,0,0,1,0,0,0,0,1,0,0,0,16,1,0,0,0,0,1,1,1,0,2,1,0,0,0,22,1,0
D:\trabCKMetrics\repos\changmingxietcc-transaction\tcc-transaction-dashboard\src\main\java\org\mengyun\tcctransaction\server\dao\Daos.java,org.mengyun.tcctransaction.server.dao.Daos$Anonymous1,anonymous,2,2,0,2,1,1,0,4,0,0.0,NaN,NaN,1,0,1,0,0,0,1,0,0,0,0,0,0,0,0,0,0,0,0,6,1,0,0,0,0,0,0,0,0,0,0,0,0,0,7,-1,0
D:\trabCKMetrics\repos\changmingxietcc-transaction\tcc-transaction-tutorial-sample\tcc-transaction-sample-domain\tcc-transaction-sample-captial\src\main\java\org\mengyun\tcctransaction\sample\capital\infrastructure\dao\TradeOrderDao.java,org.mengyun.tcctransaction.sample.capital.infrastructure.dao.TradeOrderDao,interface,1,2,1,1,3,1,0,0,3,0.0,0.0,0.0,3,0,0,0,0,3,3,0,0,0,0,0,0,0,0,0,0,0,0,5,0,0,0,0,0,0,0,0,0,0,0,0,0,0,14,1,0
D:\trabCKMetrics\repos\changmingxietcc-transaction\tcc-transaction-dashboard\src\main\java\org\mengyun\tcctransaction\server\dao\RedisClusterTransactionDao.java,org.mengyun.tcctransaction.server.dao.RedisClusterTransactionDao$Anonymous2,anonymous,4,4,0,4,5,1,0,9,0,0.0,NaN,NaN,1,0,1,0,0,0,1,0,0,0,0,0,0,0,0,0,0,0,2,22,2,1,0,0,1,0,1,8,3,6,1,0,0,0,16,-1,0
D:\trabCKMetrics\repos\changmingxietcc-transaction\tcc-transaction-dashboard\src\main\java\org\mengyun\tcctransaction\server\degradation\DegradeController.java,org.mengyun.tcctransaction.server.degradation.DegradeController,class,8,8,0,8,3,1,0,5,0,0.0,0.0,0.0,2,0,2,0,0,0,2,0,0,0,1,0,0,1,0,0,0,0,3,15,3,0,0,1,0,1,0,0,0,1,1,0,0,0,17,1,0
D:\trabCKMetrics\repos\changmingxietcc-transaction\tcc-transaction-dashboard\src\main\java\org\mengyun\tcctransaction\server\dao\RedisClusterTransactionDao.java,org.mengyun.tcctransaction.server.dao.RedisClusterTransactionDao$Anonymous1,anonymous,4,4,0,4,2,1,0,6,0,0.0,NaN,NaN,1,0,1,0,0,0,1,0,0,0,0,0,0,0,0,0,0,0,1,14,1,1,0,0,0,0,1,6,0,4,1,0,0,0,11,-1,0
D:\trabCKMetrics\repos\changmingxietcc-transaction\tcc-transaction-api\src\main\java\org\mengyun\tcctransaction\api\Propagation.java,org.mengyun.tcctransaction.api.Propagation,enum,0,1,1,0,2,1,0,0,0,0.0,NaN,NaN,2,0,1,1,0,0,1,0,0,0,1,0,0,1,0,0,1,0,0,8,1,0,0,0,0,0,4,1,0,1,0,0,0,0,22,1,0
D:\trabCKMetrics\repos\changmingxietcc-transaction\tcc-transaction-ha\tcc-transaction-ha-zookeeper\src\main\java\org\mengyun\tcctransaction\ha\zookeeper\CuratorFactory.java,org.mengyun.tcctransaction.ha.zookeeper.CuratorFactory$Anonymous1,anonymous,1,1,0,1,2,1,0,0,1,0.0,0.0,0.0,2,0,2,0,0,0,2,0,0,0,0,0,0,0,0,0,0,0,0,8,2,0,0,0,0,0,0,0,0,0,0,0,0,0,6,-1,0
D:\trabCKMetrics\repos\changmingxietcc-transaction\tcc-transaction-unit-test\src\main\java\org\mengyun\tcctransaction\unittest\client\AccountServiceProxy.java,org.mengyun.tcctransaction.unittest.client.AccountServiceProxy,class,3,4,1,3,5,1,0,5,0,0.0,0.0,0.0,5,0,5,0,0,0,5,0,0,0,1,0,0,0,0,1,0,0,0,18,0,0,0,0,0,0,0,0,0,1,0,0,0,0,20,1,0
D:\trabCKMetrics\repos\changmingxietcc-transaction\tcc-transaction-dashboard\src\main\java\org\mengyun\tcctransaction\server\dao\Daos.java,org.mengyun.tcctransaction.server.dao.Daos$Child,innerclass,1,1,0,1,0,1,0,0,0,NaN,-1.0,-1.0,0,0,0,0,0,0,0,0,0,0,1,0,0,1,0,0,0,0,0,3,0,0,0,0,0,0,0,0,0,1,0,0,0,0,2,9,0
D:\trabCKMetrics\repos\changmingxietcc-transaction\tcc-transaction-core\src\main\java\org\mengyun\tcctransaction\ha\SentinelController.java,org.mengyun.tcctransaction.ha.SentinelController,interface,0,4,4,0,1,1,0,0,0,0.0,NaN,NaN,1,0,0,0,0,1,1,0,0,0,0,0,0,0,0,0,0,0,0,5,1,0,0,0,0,0,0,0,0,0,0,0,0,0,4,1,0
D:\trabCKMetrics\repos\changmingxietcc-transaction\tcc-transaction-dashboard\src\main\java\org\mengyun\tcctransaction\server\dao\JdbcTransactionDao.java,org.mengyun.tcctransaction.server.dao.JdbcTransactionDao,class,4,5,1,4,38,1,0,33,176,0.90000004,0.0,0.0,20,0,12,8,0,0,12,0,0,0,6,3,0,6,0,0,3,0,0,248,11,1,3,11,2,49,30,59,16,49,2,0,0,0,90,1,0
D:\trabCKMetrics\repos\changmingxietcc-transaction\tcc-transaction-tutorial-sample\tcc-transaction-http-sample\tcc-transaction-http-redpacket-api\src\main\java\org\mengyun\tcctransaction\sample\http\redpacket\api\dto\RedPacketTradeOrderDto.java,org.mengyun.tcctransaction.sample.http.redpacket.api.dto.RedPacketTradeOrderDto,class,0,4,4,0,10,1,0,0,35,0.8333333,0.0,0.0,10,0,10,0,0,0,10,0,0,0,6,1,0,6,0,0,1,0,0,38,5,0,0,0,0,0,1,6,0,6,0,0,0,0,33,1,0
D:\trabCKMetrics\repos\changmingxietcc-transaction\tcc-transaction-core\src\main\java\org\mengyun\tcctransaction\repository\helper\ShardOffset.java,org.mengyun.tcctransaction.repository.helper.ShardOffset,class,1,2,1,1,11,1,0,5,0,0.675,0.0,0.0,8,0,8,0,0,0,8,0,0,0,5,3,3,2,0,0,0,0,2,38,3,0,1,0,0,5,4,12,2,6,2,0,0,0,33,1,0
D:\trabCKMetrics\repos\changmingxietcc-transaction\tcc-transaction-core\src\main\java\org\mengyun\tcctransaction\repository\AbstractRedisTransactionRepository.java,org.mengyun.tcctransaction.repository.AbstractRedisTransactionRepository,class,14,18,4,14,25,3,3,42,36,1.0,0.0,0.0,9,0,0,0,7,2,9,1,0,0,1,0,0,0,1,0,0,0,19,101,9,4,3,4,2,7,4,21,6,21,2,0,1,1,81,1025,3
D:\trabCKMetrics\repos\changmingxietcc-transaction\tcc-transaction-tutorial-sample\tcc-transaction-http-sample\tcc-transaction-http-redpacket-api\src\main\java\org\mengyun\tcctransaction\sample\http\redpacket\api\RedPacketTradeOrderService.java,org.mengyun.tcctransaction.sample.http.redpacket.api.RedPacketTradeOrderService,interface,2,4,2,2,1,1,0,0,0,0.0,NaN,NaN,1,0,1,0,0,0,1,0,0,0,0,0,0,0,0,0,0,0,0,3,0,0,0,0,0,0,0,0,0,0,0,0,0,0,13,1,0
D:\trabCKMetrics\repos\changmingxietcc-transaction\tcc-transaction-tutorial-sample\tcc-transaction-sample-domain\tcc-transaction-sample-redpacket\src\main\java\org\mengyun\tcctransaction\sample\redpacket\domain\repository\TradeOrderRepository.java,org.mengyun.tcctransaction.sample.redpacket.domain.repository.TradeOrderRepository,class,5,7,2,5,4,1,0,4,0,0.0,0.0,0.0,3,0,3,0,0,0,3,0,0,0,1,0,0,0,0,1,0,0,0,16,1,0,0,0,0,1,1,1,0,2,1,0,0,0,22,1,0
D:\trabCKMetrics\repos\changmingxietcc-transaction\tcc-transaction-spring\src\main\java\org\mengyun\tcctransaction\spring\annotation\TccTransactionConfigurationSelector.java,org.mengyun.tcctransaction.spring.annotation.TccTransactionConfigurationSelector,class,3,3,0,3,1,1,0,1,0,0.0,NaN,NaN,1,0,1,0,0,0,1,0,0,0,0,0,0,0,0,0,0,0,0,5,1,0,0,0,0,0,0,0,0,0,0,0,0,0,10,1,0
D:\trabCKMetrics\repos\changmingxietcc-transaction\tcc-transaction-spring\src\main\java\org\mengyun\tcctransaction\spring\support\TccTransactionConfiguration.java,org.mengyun.tcctransaction.spring.support.TccTransactionConfiguration,class,13,14,1,13,6,1,0,3,6,0.75,0.0,0.0,4,0,4,0,0,0,4,0,0,0,3,0,0,0,0,3,0,0,0,25,4,0,2,0,0,2,0,1,0,4,1,0,0,0,21,1,0
D:\trabCKMetrics\repos\changmingxietcc-transaction\tcc-transaction-tutorial-sample\tcc-transaction-dubbo-sample\tcc-transaction-dubbo-order\src\main\java\org\mengyun\tcctransaction\sample\dubbo\order\service\PlaceOrderServiceImpl.java,org.mengyun.tcctransaction.sample.dubbo.order.service.PlaceOrderServiceImpl,class,8,9,1,8,4,1,0,10,0,0.0,NaN,NaN,1,0,1,0,0,0,1,0,0,0,3,0,0,0,0,3,0,0,0,22,1,0,0,1,0,0,0,2,0,5,1,0,0,0,28,1,0
D:\trabCKMetrics\repos\changmingxietcc-transaction\tcc-transaction-tutorial-sample\tcc-transaction-sample-domain\tcc-transaction-sample-order\src\main\java\org\mengyun\tcctransaction\sample\order\domain\entity\Order.java,org.mengyun.tcctransaction.sample.order.domain.entity.Order,class,1,11,10,1,19,1,0,7,125,0.88888896,0.0,0.0,18,0,18,0,0,0,18,0,0,0,10,1,0,10,0,0,1,0,2,72,10,1,0,0,0,5,2,14,0,11,1,0,0,0,49,1,0
D:\trabCKMetrics\repos\changmingxietcc-transaction\tcc-transaction-ha\tcc-transaction-ha-core\src\main\java\org\mengyun\tcctransaction\ha\registry\jdbc\JDBCRegistration.java,org.mengyun.tcctransaction.ha.registry.jdbc.JDBCRegistration,class,4,6,2,4,0,2,0,0,0,NaN,-1.0,-1.0,0,0,0,0,0,0,0,0,0,0,1,0,0,1,0,0,0,0,0,3,0,0,0,0,0,0,0,0,0,1,0,0,0,0,16,1,0
D:\trabCKMetrics\repos\changmingxietcc-transaction\tcc-transaction-spring\src\main\java\org\mengyun\tcctransaction\spring\ConfigurableCoordinatorAspect.java,org.mengyun.tcctransaction.spring.ConfigurableCoordinatorAspect,class,7,9,2,7,3,2,0,3,1,0.33333334,0.0,0.0,3,0,3,0,0,0,3,0,0,0,1,0,0,1,0,0,0,0,0,14,1,0,0,0,0,0,1,2,1,2,0,0,0,0,18,1,0
D:\trabCKMetrics\repos\changmingxietcc-transaction\tcc-transaction-core\src\main\java\org\mengyun\tcctransaction\NoExistedTransactionException.java,org.mengyun.tcctransaction.NoExistedTransactionException,class,0,1,1,0,0,3,0,0,0,NaN,-1.0,-1.0,0,0,0,0,0,0,0,0,0,0,1,1,0,1,0,0,1,0,0,3,0,0,0,0,0,0,1,1,0,1,0,0,0,0,15,1,0
D:\trabCKMetrics\repos\changmingxietcc-transaction\tcc-transaction-core\src\main\java\org\mengyun\tcctransaction\recovery\QuartzRecoveryTask.java,org.mengyun.tcctransaction.recovery.QuartzRecoveryTask,class,3,4,1,3,1,1,0,3,0,0.0,NaN,NaN,1,0,1,0,0,0,1,0,0,0,1,1,1,0,0,0,1,0,0,7,0,0,0,0,0,1,0,2,0,2,0,0,0,0,24,1,0
D:\trabCKMetrics\repos\changmingxietcc-transaction\tcc-transaction-core\src\main\java\org\mengyun\tcctransaction\repository\FileSystemTransactionRepository.java,org.mengyun.tcctransaction.repository.FileSystemTransactionRepository,class,10,11,1,10,43,2,0,50,44,0.8611111,0.0,0.0,12,0,2,4,6,0,8,0,0,0,6,3,0,5,0,1,3,0,8,181,13,4,5,6,0,12,12,39,7,32,5,0,0,0,97,1,0
D:\trabCKMetrics\repos\changmingxietcc-transaction\tcc-transaction-core\src\main\java\org\mengyun\tcctransaction\utils\ByteUtils.java,org.mengyun.tcctransaction.utils.ByteUtils,class,2,10,8,2,9,1,0,11,15,1.0,0.0,0.0,6,6,6,0,0,0,7,0,0,0,2,2,2,0,0,0,2,0,8,29,6,0,1,0,0,0,4,4,0,4,0,0,0,0,28,1,0
D:\trabCKMetrics\repos\changmingxietcc-transaction\tcc-transaction-api\src\main\java\org\mengyun\tcctransaction\api\ParticipantStatus.java,org.mengyun.tcctransaction.api.ParticipantStatus,enum,1,6,5,1,9,1,0,0,0,0.0,0.0,0.0,3,1,2,0,0,1,3,0,0,0,1,0,0,1,0,0,0,0,0,26,7,0,0,0,0,2,13,1,1,1,1,0,0,0,30,1,0
D:\trabCKMetrics\repos\changmingxietcc-transaction\tcc-transaction-core\src\main\java\org\mengyun\tcctransaction\recovery\RedissonRecoveryLock.java,org.mengyun.tcctransaction.recovery.RedissonRecoveryLock,class,2,2,0,2,12,1,0,8,1,0.72499996,0.0,0.0,10,0,9,1,0,0,9,0,0,0,4,1,0,4,0,0,1,0,0,37,3,0,1,0,0,2,0,5,1,4,1,0,0,0,39,1,0
D:\trabCKMetrics\repos\changmingxietcc-transaction\tcc-transaction-core\src\main\java\org\mengyun\tcctransaction\repository\RedisTransactionRepository.java,org.mengyun.tcctransaction.repository.RedisTransactionRepository,class,9,10,1,9,5,4,0,2,0,0.25,0.0,0.0,4,0,2,0,2,0,4,0,0,0,1,0,0,1,0,0,0,0,1,33,3,0,0,0,0,2,0,2,1,1,1,1,0,0,52,1,0
D:\trabCKMetrics\repos\changmingxietcc-transaction\tcc-transaction-dashboard\src\main\java\org\mengyun\tcctransaction\server\registration\RegistrationContainer.java,org.mengyun.tcctransaction.server.registration.RegistrationContainer,class,17,19,2,17,19,1,0,23,20,0.71111107,0.0,0.0,9,0,6,3,0,0,6,0,0,0,5,0,0,5,0,0,1,0,0,74,1,1,0,3,0,0,2,13,0,16,3,0,0,1,54,1,0
D:\trabCKMetrics\repos\changmingxietcc-transaction\tcc-transaction-core\src\main\java\org\mengyun\tcctransaction\repository\helper\ShardedJedisCallback.java,org.mengyun.tcctransaction.repository.helper.ShardedJedisCallback,interface,2,3,1,2,1,1,0,0,0,0.0,NaN,NaN,1,0,1,0,0,0,1,0,0,0,0,0,0,0,0,0,0,0,0,3,0,0,0,0,0,0,0,0,0,0,0,0,0,0,6,1,0
D:\trabCKMetrics\repos\changmingxietcc-transaction\tcc-transaction-tutorial-sample\tcc-transaction-sample-domain\tcc-transaction-sample-redpacket\src\main\java\org\mengyun\tcctransaction\sample\redpacket\domain\entity\RedPacketAccount.java,org.mengyun.tcctransaction.sample.redpacket.domain.entity.RedPacketAccount,class,2,9,7,2,8,1,0,4,13,0.7142858,0.0,0.0,7,0,7,0,0,0,7,0,0,0,3,0,0,3,0,0,0,0,0,29,3,0,0,0,0,0,1,3,0,3,1,0,0,0,25,1,0
D:\trabCKMetrics\repos\changmingxietcc-transaction\tcc-transaction-spring\src\main\java\org\mengyun\tcctransaction\spring\ConfigurableTransactionAspect.java,org.mengyun.tcctransaction.spring.ConfigurableTransactionAspect,class,8,10,2,8,3,2,0,3,1,0.33333334,0.0,0.0,3,0,3,0,0,0,3,0,0,0,1,0,0,1,0,0,0,0,0,15,1,0,0,0,0,0,0,3,0,3,0,0,0,0,18,1,0
D:\trabCKMetrics\repos\changmingxietcc-transaction\tcc-transaction-tutorial-sample\tcc-transaction-sample-domain\tcc-transaction-sample-redpacket\src\main\java\org\mengyun\tcctransaction\sample\redpacket\infrastructure\dao\TradeOrderDao.java,org.mengyun.tcctransaction.sample.redpacket.infrastructure.dao.TradeOrderDao,interface,1,2,1,1,3,1,0,0,3,0.0,0.0,0.0,3,0,0,0,0,3,3,0,0,0,0,0,0,0,0,0,0,0,0,5,0,0,0,0,0,0,0,0,0,0,0,0,0,0,14,1,0
D:\trabCKMetrics\repos\changmingxietcc-transaction\tcc-transaction-core\src\main\java\org\mengyun\tcctransaction\SystemException.java,org.mengyun.tcctransaction.SystemException,class,0,8,8,0,3,4,0,0,3,0.0,0.0,0.0,3,0,3,0,0,0,3,0,0,0,0,0,0,0,0,0,0,0,0,11,0,0,0,0,0,0,0,0,0,0,0,0,0,0,9,1,0
D:\trabCKMetrics\repos\changmingxietcc-transaction\tcc-transaction-unit-test\src\main\java\org\mengyun\tcctransaction\unittest\TccConfiguration.java,org.mengyun.tcctransaction.unittest.TccConfiguration,class,2,2,0,2,0,1,0,0,0,0.0,-1.0,-1.0,0,0,0,0,0,0,0,0,0,0,0,0,0,0,0,0,0,0,0,2,0,0,0,0,0,0,0,0,0,0,0,0,0,0,2,1,0
D:\trabCKMetrics\repos\changmingxietcc-transaction\tcc-transaction-unit-test\src\test\java\org\mengyun\tcctransaction\unittest\AbstractTestCase.java,org.mengyun.tcctransaction.unittest.AbstractTestCase,class,9,12,3,9,3,1,2,7,3,0.6666667,NaN,NaN,3,0,1,2,0,0,1,0,0,0,1,0,0,0,0,1,0,0,1,20,0,0,0,0,0,1,6,2,0,3,0,0,0,0,25,1025,0
D:\trabCKMetrics\repos\changmingxietcc-transaction\tcc-transaction-ha\tcc-transaction-ha-core\src\main\java\org\mengyun\tcctransaction\ha\registry\Registration.java,org.mengyun.tcctransaction.ha.registry.Registration,class,8,19,11,8,9,1,4,4,12,0.6666667,0.0,0.0,9,0,9,0,0,0,9,0,0,0,4,0,0,4,0,0,0,0,0,39,5,0,0,0,0,10,0,6,0,5,0,0,0,0,17,1025,0
D:\trabCKMetrics\repos\changmingxietcc-transaction\tcc-transaction-core\src\main\java\org\mengyun\tcctransaction\repository\RocksDbTransactionRepository.java,org.mengyun.tcctransaction.repository.RocksDbTransactionRepository,class,13,14,1,13,35,3,0,38,36,0.7846154,0.0,0.0,13,0,5,1,5,2,13,0,0,0,5,1,0,4,0,1,1,0,0,144,11,2,6,6,0,4,7,20,1,15,4,1,0,0,70,1,1
D:\trabCKMetrics\repos\changmingxietcc-transaction\tcc-transaction-dashboard\src\main\java\org\mengyun\tcctransaction\server\S.java,org.mengyun.tcctransaction.server.S$Anonymous1,anonymous,0,0,0,0,3,1,0,6,0,0.0,NaN,NaN,1,0,1,0,0,0,1,0,0,0,0,0,0,0,0,0,0,0,0,9,2,0,0,0,0,0,0,0,0,0,1,0,0,0,6,-1,0
D:\trabCKMetrics\repos\changmingxietcc-transaction\tcc-transaction-tutorial-sample\tcc-transaction-sample-domain\tcc-transaction-sample-redpacket\src\main\java\org\mengyun\tcctransaction\sample\redpacket\domain\repository\RedPacketAccountRepository.java,org.mengyun.tcctransaction.sample.redpacket.domain.repository.RedPacketAccountRepository,class,5,9,4,5,3,1,0,2,0,0.0,0.0,0.0,2,0,2,0,0,0,2,0,0,0,1,0,0,0,0,1,0,0,0,12,1,0,0,0,0,0,1,1,0,2,1,0,0,0,20,1,0
D:\trabCKMetrics\repos\changmingxietcc-transaction\tcc-transaction-dashboard\src\main\java\org\mengyun\tcctransaction\server\dao\RedisTransactionDao.java,org.mengyun.tcctransaction.server.dao.RedisTransactionDao$Anonymous7,anonymous,7,7,0,7,6,1,0,21,0,0.0,NaN,NaN,1,0,1,0,0,0,1,0,0,0,0,0,0,0,0,0,0,0,5,48,2,2,0,0,1,0,1,11,3,9,1,2,0,0,21,-1,0
D:\trabCKMetrics\repos\changmingxietcc-transaction\tcc-transaction-dashboard\src\main\java\org\mengyun\tcctransaction\server\dao\RedisTransactionDao.java,org.mengyun.tcctransaction.server.dao.RedisTransactionDao$Anonymous6,anonymous,4,4,0,4,2,1,0,6,0,0.0,NaN,NaN,1,0,1,0,0,0,1,0,0,0,0,0,0,0,0,0,0,0,1,14,1,1,0,0,0,0,1,6,0,4,1,0,0,0,11,-1,0
D:\trabCKMetrics\repos\changmingxietcc-transaction\tcc-transaction-core\src\main\java\org\mengyun\tcctransaction\interceptor\ResourceCoordinatorInterceptor.java,org.mengyun.tcctransaction.interceptor.ResourceCoordinatorInterceptor,class,15,18,3,15,9,1,0,29,0,0.0,0.0,0.0,3,0,2,1,0,0,2,0,0,0,1,0,0,1,0,0,0,0,2,45,4,0,3,1,0,0,0,15,0,14,3,0,0,0,36,1,0
D:\trabCKMetrics\repos\changmingxietcc-transaction\tcc-transaction-dashboard\src\main\java\org\mengyun\tcctransaction\server\dao\RedisTransactionDao.java,org.mengyun.tcctransaction.server.dao.RedisTransactionDao$Anonymous3,anonymous,3,3,0,3,3,1,0,5,0,0.0,NaN,NaN,1,0,1,0,0,0,1,0,0,0,0,0,0,0,0,0,0,0,1,12,2,0,0,0,0,0,2,3,1,3,1,0,0,0,26,-1,0
D:\trabCKMetrics\repos\changmingxietcc-transaction\tcc-transaction-dashboard\src\main\java\org\mengyun\tcctransaction\server\dao\RedisTransactionDao.java,org.mengyun.tcctransaction.server.dao.RedisTransactionDao$Anonymous2,anonymous,5,5,0,5,2,1,0,5,0,0.0,NaN,NaN,1,0,1,0,0,0,1,0,0,0,0,0,0,0,0,0,0,0,2,7,1,0,1,0,0,1,3,2,0,2,0,0,0,0,10,-1,0
D:\trabCKMetrics\repos\changmingxietcc-transaction\tcc-transaction-dashboard\src\main\java\org\mengyun\tcctransaction\server\dao\RedisTransactionDao.java,org.mengyun.tcctransaction.server.dao.RedisTransactionDao$Anonymous5,anonymous,5,5,0,5,2,1,0,5,0,0.0,NaN,NaN,1,0,1,0,0,0,1,0,0,0,0,0,0,0,0,0,0,0,2,7,1,0,1,0,0,1,3,2,0,2,0,0,0,0,10,-1,0
D:\trabCKMetrics\repos\changmingxietcc-transaction\tcc-transaction-dashboard\src\main\java\org\mengyun\tcctransaction\server\dao\RedisTransactionDao.java,org.mengyun.tcctransaction.server.dao.RedisTransactionDao$Anonymous4,anonymous,3,3,0,3,2,1,0,4,0,0.0,NaN,NaN,1,0,1,0,0,0,1,0,0,0,0,0,0,0,0,0,0,0,1,9,1,0,0,0,0,0,1,3,1,3,0,0,0,0,25,-1,0
D:\trabCKMetrics\repos\changmingxietcc-transaction\tcc-transaction-core\src\main\java\org\mengyun\tcctransaction\recovery\DefaultRecoverFrequency.java,org.mengyun.tcctransaction.recovery.DefaultRecoverFrequency,class,2,3,1,2,10,1,0,2,35,0.8333333,0.0,0.0,10,0,10,0,0,0,10,0,0,0,6,1,1,5,0,0,1,0,1,38,5,0,0,0,0,1,4,11,1,6,0,0,0,0,32,1,0
D:\trabCKMetrics\repos\changmingxietcc-transaction\tcc-transaction-core\src\main\java\org\mengyun\tcctransaction\support\TransactionConfigurator.java,org.mengyun.tcctransaction.support.TransactionConfigurator,interface,3,7,4,3,4,1,0,0,6,0.0,0.0,0.0,4,0,0,0,0,4,4,0,0,0,0,0,0,0,0,0,0,0,0,6,0,0,0,0,0,0,0,0,0,0,0,0,0,0,12,1,0
D:\trabCKMetrics\repos\changmingxietcc-transaction\tcc-transaction-dashboard\src\main\java\org\mengyun\tcctransaction\server\dao\RedisTransactionDao.java,org.mengyun.tcctransaction.server.dao.RedisTransactionDao$Anonymous1,anonymous,5,5,0,5,2,1,0,5,0,0.0,NaN,NaN,1,0,1,0,0,0,1,0,0,0,0,0,0,0,0,0,0,0,2,7,1,0,1,0,0,1,3,2,0,2,0,0,0,0,10,-1,0
D:\trabCKMetrics\repos\changmingxietcc-transaction\tcc-transaction-spring\src\main\java\org\mengyun\tcctransaction\spring\factory\SpringBeanFactory.java,org.mengyun.tcctransaction.spring.factory.SpringBeanFactory,class,5,7,2,5,5,1,0,4,0,0.0,0.0,0.0,4,0,4,0,0,0,4,0,0,0,1,0,0,1,0,0,0,0,1,17,2,0,0,0,0,0,1,3,0,2,0,0,0,0,24,1,0
D:\trabCKMetrics\repos\changmingxietcc-transaction\tcc-transaction-core\src\main\java\org\mengyun\tcctransaction\TransactionManager.java,org.mengyun.tcctransaction.TransactionManager$AsyncSaveTask,innerclass,2,2,0,2,7,1,0,5,0,0.0,0.0,0.0,2,0,2,0,0,0,2,0,0,0,1,0,0,1,0,0,0,0,0,18,0,0,2,1,0,0,0,2,0,2,3,0,0,0,11,0,0
D:\trabCKMetrics\repos\changmingxietcc-transaction\tcc-transaction-dashboard\src\main\java\org\mengyun\tcctransaction\server\dao\RedisTransactionDao.java,org.mengyun.tcctransaction.server.dao.RedisTransactionDao$Anonymous7$Anonymous9,anonymous,1,1,0,1,1,1,0,13,0,0.0,NaN,NaN,1,0,1,0,0,0,1,0,0,0,0,0,0,0,0,0,0,0,2,15,1,0,0,0,0,8,0,1,0,1,0,0,0,0,6,-1,0
D:\trabCKMetrics\repos\changmingxietcc-transaction\tcc-transaction-dashboard\src\main\java\org\mengyun\tcctransaction\server\dao\RedisTransactionDao.java,org.mengyun.tcctransaction.server.dao.RedisTransactionDao$Anonymous7$Anonymous8,anonymous,0,0,0,0,1,1,0,0,0,0.0,NaN,NaN,1,0,1,0,0,0,1,0,0,0,0,0,0,0,0,0,0,0,0,5,1,0,0,0,0,0,0,0,0,0,0,0,0,0,3,-1,0
D:\trabCKMetrics\repos\changmingxietcc-transaction\tcc-transaction-core\src\main\java\org\mengyun\tcctransaction\ConfirmingException.java,org.mengyun.tcctransaction.ConfirmingException,class,0,1,1,0,1,4,0,0,0,0.0,NaN,NaN,1,0,1,0,0,0,1,0,0,0,0,0,0,0,0,0,0,0,0,5,0,0,0,0,0,0,0,0,0,0,0,0,0,0,8,1,0
D:\trabCKMetrics\repos\changmingxietcc-transaction\tcc-transaction-api\src\main\java\org\mengyun\tcctransaction\api\ParameterTransactionContextEditor.java,org.mengyun.tcctransaction.api.ParameterTransactionContextEditor,class,3,7,4,3,13,1,0,5,10,0.0,0.0,0.0,5,3,5,0,0,0,5,0,0,0,0,0,0,0,0,0,0,0,3,42,4,2,1,0,0,2,5,8,0,5,2,0,0,0,25,1,0
D:\trabCKMetrics\repos\changmingxietcc-transaction\tcc-transaction-tutorial-sample\tcc-transaction-sample-domain\tcc-transaction-sample-order\src\main\java\org\mengyun\tcctransaction\sample\order\domain\repository\ProductRepository.java,org.mengyun.tcctransaction.sample.order.domain.repository.ProductRepository,class,4,7,3,4,2,1,0,2,0,0.0,0.0,0.0,2,0,2,0,0,0,2,0,0,0,1,0,0,0,0,1,0,0,0,9,2,0,0,0,0,0,0,0,0,1,0,0,0,0,12,1,0
D:\trabCKMetrics\repos\changmingxietcc-transaction\tcc-transaction-dashboard\src\main\java\org\mengyun\tcctransaction\server\CuratorBuilder.java,org.mengyun.tcctransaction.server.CuratorBuilder,class,5,6,1,5,1,1,0,1,0,0.0,NaN,NaN,1,0,1,0,0,0,1,0,0,0,6,0,0,6,0,0,0,0,1,11,1,0,0,0,0,1,6,5,2,6,0,0,0,0,24,1,0
D:\trabCKMetrics\repos\changmingxietcc-transaction\tcc-transaction-core\src\main\java\org\mengyun\tcctransaction\serializer\RegisterableKryoSerializer.java,org.mengyun.tcctransaction.serializer.RegisterableKryoSerializer,class,9,11,2,9,13,2,0,9,8,0.5625,0.0,0.0,8,0,5,2,1,0,6,0,0,0,2,0,0,0,0,2,0,0,1,73,1,2,2,0,0,1,0,10,0,6,3,0,0,0,22,1,0
D:\trabCKMetrics\repos\changmingxietcc-transaction\tcc-transaction-tutorial-sample\tcc-transaction-sample-domain\tcc-transaction-sample-captial\src\main\java\org\mengyun\tcctransaction\sample\capital\domain\entity\TradeOrder.java,org.mengyun.tcctransaction.sample.capital.domain.entity.TradeOrder,class,0,4,4,0,12,1,0,0,50,0.8333334,0.0,0.0,12,0,12,0,0,0,12,0,0,0,7,0,0,7,0,0,0,0,0,47,7,0,0,0,0,3,2,9,1,7,0,0,0,0,25,1,0
D:\trabCKMetrics\repos\changmingxietcc-transaction\tcc-transaction-tutorial-sample\tcc-transaction-sample-domain\tcc-transaction-sample-order\src\main\java\org\mengyun\tcctransaction\sample\order\domain\service\OrderServiceImpl.java,org.mengyun.tcctransaction.sample.order.domain.service.OrderServiceImpl,class,7,11,4,7,3,1,0,4,0,0.33333334,0.0,0.0,3,0,3,0,0,0,3,0,0,0,2,0,0,0,0,2,0,0,0,15,2,0,0,0,0,0,0,1,0,3,0,0,0,0,17,1,0
D:\trabCKMetrics\repos\changmingxietcc-transaction\tcc-transaction-unit-test\src\main\java\org\mengyun\tcctransaction\unittest\utils\UnitTest.java,org.mengyun.tcctransaction.unittest.utils.UnitTest,class,0,0,0,0,0,1,0,0,0,NaN,-1.0,-1.0,0,0,0,0,0,0,0,0,0,0,2,2,2,0,0,0,0,0,0,4,0,0,0,0,0,0,0,2,0,2,0,0,0,0,21,1,0
D:\trabCKMetrics\repos\changmingxietcc-transaction\tcc-transaction-core\src\main\java\org\mengyun\tcctransaction\recovery\RecoveryLock.java,org.mengyun.tcctransaction.recovery.RecoveryLock,interface,1,5,4,1,0,1,0,0,0,NaN,-1.0,-1.0,0,0,0,0,0,0,0,0,0,0,1,1,0,0,0,1,0,0,0,24,0,0,0,0,0,0,0,1,0,1,0,1,0,0,13,1,0
D:\trabCKMetrics\repos\changmingxietcc-transaction\tcc-transaction-core\src\main\java\org\mengyun\tcctransaction\repository\helper\ShardedPipelineCommand.java,org.mengyun.tcctransaction.repository.helper.ShardedPipelineCommand,class,4,5,1,4,9,1,0,5,6,0.33333334,0.0,0.0,9,0,9,0,0,0,9,0,0,0,1,0,0,1,0,0,0,0,0,31,2,0,0,0,0,0,0,1,0,1,0,0,0,0,32,1,0
D:\trabCKMetrics\repos\changmingxietcc-transaction\tcc-transaction-core\src\main\java\org\mengyun\tcctransaction\repository\NoDegradedSentinelController.java,org.mengyun.tcctransaction.repository.NoDegradedSentinelController,class,1,1,0,1,0,1,0,0,0,0.0,-1.0,-1.0,0,0,0,0,0,0,0,0,0,0,0,0,0,0,0,0,0,0,0,2,0,0,0,0,0,0,0,0,0,0,0,0,0,0,4,1,0
D:\trabCKMetrics\repos\changmingxietcc-transaction\tcc-transaction-tutorial-sample\tcc-transaction-sample-domain\tcc-transaction-sample-common\src\main\java\org\mengyun\tcctransaction\sample\exception\InsufficientBalanceException.java,org.mengyun.tcctransaction.sample.exception.InsufficientBalanceException,class,0,4,4,0,2,4,0,0,1,1.0,0.0,0.0,2,0,2,0,0,0,2,0,0,0,1,1,0,1,0,0,1,0,0,8,0,0,0,0,0,0,1,1,0,1,0,0,0,0,15,1,0
D:\trabCKMetrics\repos\changmingxietcc-transaction\tcc-transaction-ha\tcc-transaction-ha-core\src\main\java\org\mengyun\tcctransaction\ha\registry\Owner.java,org.mengyun.tcctransaction.ha.registry.Owner,class,0,2,2,0,4,1,0,0,2,0.5,0.0,0.0,4,0,4,0,0,0,4,0,0,0,2,0,0,2,0,0,0,0,0,16,2,0,0,0,0,0,0,2,0,2,0,0,0,0,13,1,0
D:\trabCKMetrics\repos\changmingxietcc-transaction\tcc-transaction-core\src\main\java\org\mengyun\tcctransaction\CancellingException.java,org.mengyun.tcctransaction.CancellingException,class,0,1,1,0,1,4,0,0,0,1.0,NaN,NaN,1,0,1,0,0,0,1,0,0,0,1,1,0,1,0,0,1,0,0,6,0,0,0,0,0,0,1,1,0,1,0,0,0,0,15,1,0
D:\trabCKMetrics\repos\changmingxietcc-transaction\tcc-transaction-tutorial-sample\tcc-transaction-dubbo-sample\tcc-transaction-dubbo-order\src\main\java\org\mengyun\tcctransaction\sample\dubbo\order\web\controller\vo\PlaceOrderRequest.java,org.mengyun.tcctransaction.sample.dubbo.order.web.controller.vo.PlaceOrderRequest,class,1,2,1,1,8,1,0,0,20,0.75,0.0,0.0,8,0,8,0,0,0,8,0,0,0,4,0,0,4,0,0,0,0,0,30,4,0,0,0,0,0,0,5,0,4,0,0,0,0,24,1,0
D:\trabCKMetrics\repos\changmingxietcc-transaction\tcc-transaction-core\src\main\java\org\mengyun\tcctransaction\TransactionOptimisticLockException.java,org.mengyun.tcctransaction.TransactionOptimisticLockException,class,0,2,2,0,0,4,0,0,0,0.0,-1.0,-1.0,0,0,0,0,0,0,0,0,0,0,0,0,0,0,0,0,0,0,0,2,0,0,0,0,0,0,0,0,0,0,0,0,0,0,8,1,0
D:\trabCKMetrics\repos\changmingxietcc-transaction\tcc-transaction-ha\tcc-transaction-ha-core\src\main\java\org\mengyun\tcctransaction\ha\registry\jedis\JedisShardedRegistration.java,org.mengyun.tcctransaction.ha.registry.jedis.JedisShardedRegistration,class,4,7,3,4,0,2,0,0,0,NaN,-1.0,-1.0,0,0,0,0,0,0,0,0,0,0,1,0,0,1,0,0,0,0,0,3,0,0,0,0,0,0,0,1,0,1,0,0,0,0,8,1,0
D:\trabCKMetrics\repos\changmingxietcc-transaction\tcc-transaction-core\src\main\java\org\mengyun\tcctransaction\repository\ShardJedisTransactionRepository.java,org.mengyun.tcctransaction.repository.ShardJedisTransactionRepository$Anonymous1,anonymous,3,3,0,3,3,1,0,5,0,0.0,0.0,0.0,2,0,2,0,0,0,2,0,0,0,1,0,0,0,0,1,0,0,0,14,1,0,1,0,0,0,0,2,0,2,1,0,0,0,13,-1,0
D:\trabCKMetrics\repos\changmingxietcc-transaction\tcc-transaction-ha\tcc-transaction-ha-core\src\main\java\org\mengyun\tcctransaction\ha\registry\jedis\JedisNode.java,org.mengyun.tcctransaction.ha.registry.jedis.JedisNode,class,4,11,7,4,0,2,0,0,0,NaN,-1.0,-1.0,0,0,0,0,0,0,0,0,0,0,1,0,0,1,0,0,0,0,0,3,0,0,0,0,0,0,0,0,0,1,0,0,0,0,12,1,0
D:\trabCKMetrics\repos\changmingxietcc-transaction\tcc-transaction-core\src\main\java\org\mengyun\tcctransaction\repository\helper\TransactionStoreSerializer.java,org.mengyun.tcctransaction.repository.helper.TransactionStoreSerializer,class,8,9,1,8,4,1,0,33,1,0.0,0.0,0.0,2,2,2,0,0,0,2,0,0,0,0,0,0,0,0,0,0,0,8,34,2,1,0,1,0,18,0,4,0,4,1,0,0,0,21,1,0
D:\trabCKMetrics\repos\changmingxietcc-transaction\tcc-transaction-api\src\main\java\org\mengyun\tcctransaction\api\NullableTransactionContextEditor.java,org.mengyun.tcctransaction.api.NullableTransactionContextEditor,class,2,4,2,2,2,1,0,0,1,0.0,0.0,0.0,2,0,2,0,0,0,2,0,0,0,0,0,0,0,0,0,0,0,0,7,1,0,0,0,0,0,0,0,0,0,0,0,0,0,10,1,0
D:\trabCKMetrics\repos\changmingxietcc-transaction\tcc-transaction-spring\src\main\java\org\mengyun\tcctransaction\spring\xml\TccTransactionByRegisterDefinitionParser.java,org.mengyun.tcctransaction.spring.xml.TccTransactionByRegisterDefinitionParser,class,12,13,1,12,8,1,0,10,0,0.0,NaN,NaN,1,0,1,0,0,0,1,0,0,0,5,5,5,0,0,0,5,0,0,43,1,0,0,0,0,13,0,10,0,10,2,0,0,0,49,1,0
D:\trabCKMetrics\repos\changmingxietcc-transaction\tcc-transaction-ha\tcc-transaction-ha-zookeeper\src\main\java\org\mengyun\tcctransaction\ha\zookeeper\ZookeeperSentinelController.java,org.mengyun.tcctransaction.ha.zookeeper.ZookeeperSentinelController$Anonymous1,anonymous,2,2,0,2,1,1,0,3,0,0.0,NaN,NaN,1,0,1,0,0,0,1,0,0,0,0,0,0,0,0,0,0,0,0,6,0,0,0,0,0,0,0,1,0,1,0,0,0,0,6,-1,0
D:\trabCKMetrics\repos\changmingxietcc-transaction\tcc-transaction-dashboard\src\main\java\org\mengyun\tcctransaction\server\model\Page.java,org.mengyun.tcctransaction.server.model.Page,class,3,10,7,3,5,1,0,1,4,0.75,0.0,0.0,4,1,4,0,0,0,4,0,0,0,5,0,0,5,0,0,0,0,0,21,2,0,1,0,0,0,0,4,0,5,0,0,0,0,15,1,0
D:\trabCKMetrics\repos\changmingxietcc-transaction\tcc-transaction-unit-test\src\main\java\org\mengyun\tcctransaction\unittest\client\AccountServiceStub.java,org.mengyun.tcctransaction.unittest.client.AccountServiceStub$Anonymous1,anonymous,3,3,0,3,3,1,0,5,0,0.0,NaN,NaN,1,0,1,0,0,0,1,0,0,0,0,0,0,0,0,0,0,0,1,13,0,0,1,1,0,0,1,0,0,0,2,0,0,0,5,-1,0
D:\trabCKMetrics\repos\changmingxietcc-transaction\tcc-transaction-core\src\main\java\org\mengyun\tcctransaction\recovery\RecoverScheduledJob.java,org.mengyun.tcctransaction.recovery.RecoverScheduledJob,class,6,7,1,6,13,1,0,11,34,0.7638889,0.0,0.0,12,0,12,0,0,0,12,0,0,0,6,0,0,6,0,0,0,0,0,53,5,0,0,1,0,0,0,8,0,8,1,0,0,0,29,1,0
D:\trabCKMetrics\repos\changmingxietcc-transaction\tcc-transaction-core\src\main\java\org\mengyun\tcctransaction\recovery\RecoveryLock.java,org.mengyun.tcctransaction.recovery.RecoveryLock$Anonymous1,anonymous,0,0,0,0,6,1,0,6,0,0.0,0.0,0.0,6,0,6,0,0,0,6,0,0,0,1,0,0,1,0,0,0,0,0,21,3,0,0,0,0,0,0,1,0,1,0,0,0,0,13,-1,0
D:\trabCKMetrics\repos\changmingxietcc-transaction\tcc-transaction-ha\tcc-transaction-ha-spring\src\main\java\org\mengyun\tcctransaction\ha\spring\SpringSmartAutoRegistryService.java,org.mengyun.tcctransaction.ha.spring.SpringSmartAutoRegistryService,class,8,9,1,8,15,1,0,8,31,0.6969697,0.0,0.0,11,0,11,0,0,0,11,0,0,0,3,0,0,3,0,0,1,0,1,46,5,0,2,0,0,1,0,4,0,3,2,0,0,0,37,1,0
D:\trabCKMetrics\repos\changmingxietcc-transaction\tcc-transaction-core\src\main\java\org\mengyun\tcctransaction\utils\CollectionUtils.java,org.mengyun.tcctransaction.utils.CollectionUtils,class,0,3,3,0,6,1,0,2,3,0.0,0.0,0.0,3,2,2,1,0,0,2,0,0,0,0,0,0,0,0,0,0,0,0,17,2,0,3,0,1,0,0,1,0,1,1,0,0,0,14,17,0
D:\trabCKMetrics\repos\changmingxietcc-transaction\tcc-transaction-core\src\main\java\org\mengyun\tcctransaction\serializer\KryoTransactionSerializer.java,org.mengyun.tcctransaction.serializer.KryoTransactionSerializer,class,3,6,3,3,0,2,0,0,0,0.0,-1.0,-1.0,0,0,0,0,0,0,0,0,0,0,0,0,0,0,0,0,0,0,0,2,0,0,0,0,0,0,0,0,0,0,0,0,0,0,6,1,0
D:\trabCKMetrics\repos\changmingxietcc-transaction\tcc-transaction-tutorial-sample\tcc-transaction-http-sample\tcc-transaction-http-capital\src\main\java\org\mengyun\tcctransaction\sample\http\capital\service\CapitalAccountServiceImpl.java,org.mengyun.tcctransaction.sample.http.capital.service.CapitalAccountServiceImpl,class,4,4,0,4,1,1,0,2,0,0.0,NaN,NaN,1,0,1,0,0,0,1,0,0,0,1,0,0,0,0,1,0,0,0,6,1,0,0,0,0,0,0,0,0,1,0,0,0,0,16,1,0
D:\trabCKMetrics\repos\changmingxietcc-transaction\tcc-transaction-core\src\main\java\org\mengyun\tcctransaction\TransactionManager.java,org.mengyun.tcctransaction.TransactionManager$Anonymous1,anonymous,1,1,0,1,1,1,0,1,0,0.0,NaN,NaN,1,0,1,0,0,0,1,0,0,0,0,0,0,0,0,0,0,0,0,5,0,0,0,0,0,0,0,0,0,0,0,0,0,0,4,-1,0
D:\trabCKMetrics\repos\changmingxietcc-transaction\tcc-transaction-core\src\main\java\org\mengyun\tcctransaction\TransactionManager.java,org.mengyun.tcctransaction.TransactionManager$Anonymous2,anonymous,1,1,0,1,1,1,0,1,0,0.0,NaN,NaN,1,0,1,0,0,0,1,0,0,0,0,0,0,0,0,0,0,0,0,5,0,0,0,0,0,0,0,0,0,0,0,0,0,0,4,-1,0
D:\trabCKMetrics\repos\changmingxietcc-transaction\tcc-transaction-unit-test\src\main\java\org\mengyun\tcctransaction\unittest\service\AccountServiceImpl.java,org.mengyun.tcctransaction.unittest.service.AccountServiceImpl,class,9,12,3,9,10,1,0,9,24,0.5555556,0.0,0.0,9,0,9,0,0,0,9,0,0,0,1,0,0,0,0,1,0,0,9,51,0,0,0,1,0,10,1,4,6,5,1,0,0,0,35,1,8
D:\trabCKMetrics\repos\changmingxietcc-transaction\tcc-transaction-dashboard\src\main\java\org\mengyun\tcctransaction\server\vo\TransactionVo.java,org.mengyun.tcctransaction.server.vo.TransactionVo,class,1,9,8,1,0,1,0,0,0,NaN,-1.0,-1.0,0,0,0,0,0,0,0,0,0,0,9,0,0,9,0,0,0,0,0,11,0,0,0,0,0,0,0,0,0,9,0,0,0,0,22,1,0
D:\trabCKMetrics\repos\changmingxietcc-transaction\tcc-transaction-spring\src\main\java\org\mengyun\tcctransaction\spring\xml\EnableAspectJAutoProxyConfiguration.java,org.mengyun.tcctransaction.spring.xml.EnableAspectJAutoProxyConfiguration,class,2,4,2,2,0,1,0,0,0,0.0,-1.0,-1.0,0,0,0,0,0,0,0,0,0,0,0,0,0,0,0,0,0,0,0,2,0,0,0,0,0,0,0,0,0,0,0,0,0,0,10,1,0
D:\trabCKMetrics\repos\changmingxietcc-transaction\tcc-transaction-core\src\main\java\org\mengyun\tcctransaction\repository\JedisClusterTransactionRepository.java,org.mengyun.tcctransaction.repository.JedisClusterTransactionRepository,class,8,9,1,8,4,4,0,0,0,0.25,0.0,0.0,4,0,2,0,2,0,4,0,0,0,1,0,0,1,0,0,0,0,0,83,3,0,0,0,0,0,0,1,0,1,0,0,1,0,14,1,0
D:\trabCKMetrics\repos\changmingxietcc-transaction\tcc-transaction-core\src\main\java\org\mengyun\tcctransaction\IllegalTransactionStatusException.java,org.mengyun.tcctransaction.IllegalTransactionStatusException,class,0,1,1,0,1,4,0,0,0,1.0,NaN,NaN,1,0,1,0,0,0,1,0,0,0,1,1,0,1,0,0,1,0,0,6,0,0,0,0,0,0,1,1,0,1,0,0,0,0,13,1,0
D:\trabCKMetrics\repos\changmingxietcc-transaction\tcc-transaction-core\src\main\java\org\mengyun\tcctransaction\serializer\ObjectSerializer.java,org.mengyun.tcctransaction.serializer.ObjectSerializer,interface,2,9,7,2,3,1,0,0,3,0.0,0.0,0.0,3,0,0,0,0,3,3,0,0,0,0,0,0,0,0,0,0,0,0,5,0,0,0,0,0,0,0,0,0,0,0,0,0,0,22,1,0
D:\trabCKMetrics\repos\changmingxietcc-transaction\tcc-transaction-unit-test\src\main\java\org\mengyun\tcctransaction\unittest\repository\SubAccountRepository.java,org.mengyun.tcctransaction.unittest.repository.SubAccountRepository,class,2,6,4,2,3,1,0,3,0,0.0,0.0,0.0,2,0,2,0,0,0,3,0,0,0,1,0,0,1,0,0,0,0,0,14,1,0,0,0,0,0,9,1,0,1,0,0,0,0,15,1,0
D:\trabCKMetrics\repos\changmingxietcc-transaction\tcc-transaction-tutorial-sample\tcc-transaction-http-sample\tcc-transaction-http-redpacket-api\src\main\java\org\mengyun\tcctransaction\sample\http\redpacket\api\RedPacketAccountService.java,org.mengyun.tcctransaction.sample.http.redpacket.api.RedPacketAccountService,interface,0,2,2,0,1,1,0,0,0,0.0,NaN,NaN,1,0,0,0,0,1,1,0,0,0,0,0,0,0,0,0,0,0,0,3,0,0,0,0,0,0,0,0,0,0,0,0,0,0,14,1,0
D:\trabCKMetrics\repos\changmingxietcc-transaction\tcc-transaction-tutorial-sample\tcc-transaction-sample-domain\tcc-transaction-sample-order\src\main\java\org\mengyun\tcctransaction\sample\order\infrastructure\dao\ShopDao.java,org.mengyun.tcctransaction.sample.order.infrastructure.dao.ShopDao,interface,1,2,1,1,1,1,0,0,0,0.0,NaN,NaN,1,0,0,0,0,1,1,0,0,0,0,0,0,0,0,0,0,0,0,3,0,0,0,0,0,0,0,0,0,0,0,0,0,0,9,1,0
D:\trabCKMetrics\repos\changmingxietcc-transaction\tcc-transaction-ha\tcc-transaction-ha-zookeeper\src\main\java\org\mengyun\tcctransaction\ha\zookeeper\CuratorFactory.java,org.mengyun.tcctransaction.ha.zookeeper.CuratorFactory,class,5,7,2,5,5,1,0,14,3,0.0,0.0,0.0,3,3,3,0,0,0,3,0,0,0,0,0,0,0,0,0,0,0,2,29,3,0,0,0,0,2,7,3,2,3,1,1,0,0,34,1,0
D:\trabCKMetrics\repos\changmingxietcc-transaction\tcc-transaction-dubbo\src\main\java\org\mengyun\tcctransaction\dubbo\context\DubboTransactionContextEditor.java,org.mengyun.tcctransaction.dubbo.context.DubboTransactionContextEditor,class,2,5,3,2,3,1,0,6,1,0.0,0.0,0.0,2,0,2,0,0,0,2,0,0,0,0,0,0,0,0,0,0,0,0,12,2,0,0,0,0,0,0,1,0,1,1,0,0,0,15,1,0
D:\trabCKMetrics\repos\changmingxietcc-transaction\tcc-transaction-core\src\main\java\org\mengyun\tcctransaction\interceptor\CompensableTransactionInterceptor.java,org.mengyun.tcctransaction.interceptor.CompensableTransactionInterceptor,class,12,15,3,12,17,1,0,31,0,0.375,0.0,0.0,4,0,2,2,0,0,2,0,0,0,2,1,0,1,0,1,1,0,2,90,6,0,1,6,0,3,0,20,2,14,3,0,0,0,70,1,2
D:\trabCKMetrics\repos\changmingxietcc-transaction\tcc-transaction-tutorial-sample\tcc-transaction-http-sample\tcc-transaction-http-order\src\main\java\org\mengyun\tcctransaction\sample\http\order\service\TradeOrderServiceProxy.java,org.mengyun.tcctransaction.sample.http.order.service.TradeOrderServiceProxy,class,6,7,1,6,2,1,0,2,1,0.5,0.0,0.0,2,0,2,0,0,0,2,0,0,0,2,0,0,0,0,2,0,0,0,10,2,0,0,0,0,0,0,0,0,2,0,0,0,0,15,1,0
D:\trabCKMetrics\repos\changmingxietcc-transaction\tcc-transaction-core\src\main\java\org\mengyun\tcctransaction\repository\helper\PipelineCommands.java,org.mengyun.tcctransaction.repository.helper.PipelineCommands,class,4,5,1,4,9,1,0,6,0,0.22222222,0.0,0.0,9,0,9,0,0,0,9,0,0,0,1,0,0,1,0,0,0,0,0,32,3,0,0,0,0,0,0,1,0,1,0,0,0,0,30,1,0
